"Date","Storage(acre-feet)"
2000-07-07,235358
2000-07-08,235153
2000-07-09,234922
2000-07-10,234691
2000-07-11,234435
2000-07-12,234205
2000-07-13,233949
2000-07-14,NA
2000-07-15,233489
2000-07-16,233233
2000-07-17,NA
2000-07-18,232800
2000-07-19,232545
2000-07-20,232290
2000-07-21,NA
2000-07-22,231833
2000-07-23,231578
2000-07-24,NA
2000-07-25,231096
2000-07-26,230767
2000-07-27,230513
2000-07-28,230235
2000-07-29,229502
2000-07-30,NA
2000-07-31,229578
2000-08-01,229300
2000-08-02,229048
2000-08-03,228771
2000-08-04,NA
2000-08-05,228267
2000-08-06,227991
2000-08-07,227740
2000-08-08,227463
2000-08-09,227238
2000-08-10,227012
2000-08-11,NA
2000-08-12,NA
2000-08-13,NA
2000-08-14,NA
2000-08-15,NA
2000-08-16,225487
2000-08-17,225212
2000-08-18,224889
2000-08-19,224640
2000-08-20,224391
2000-08-21,224093
2000-08-22,223820
2000-08-23,223571
2000-08-24,223373
2000-08-25,NA
2000-08-26,222853
2000-08-27,222581
2000-08-28,222334
2000-08-29,222086
2000-08-30,221840
2000-08-31,221618
2000-09-01,221396
2000-09-02,221199
2000-09-03,220953
2000-09-04,220707
2000-09-05,220485
2000-09-06,220264
2000-09-07,220043
2000-09-08,219749
2000-09-09,219479
2000-09-10,219235
2000-09-11,219039
2000-09-12,218843
2000-09-13,218550
2000-09-14,218306
2000-09-15,218062
2000-09-16,217842
2000-09-17,217647
2000-09-18,217452
2000-09-19,217452
2000-09-20,216917
2000-09-21,216674
2000-09-22,216432
2000-09-23,216213
2000-09-24,215995
2000-09-25,215753
2000-09-26,215462
2000-09-27,215220
2000-09-28,215003
2000-09-29,214786
2000-09-30,214568
2000-10-01,214279
2000-10-02,NA
2000-10-03,214014
2000-10-04,213918
2000-10-05,213821
2000-10-06,213749
2000-10-07,213557
2000-10-08,213364
2000-10-09,213172
2000-10-10,NA
2000-10-11,212836
2000-10-12,212620
2000-10-13,212332
2000-10-14,211997
2000-10-15,211734
2000-10-16,211471
2000-10-17,211232
2000-10-18,211017
2000-10-19,210827
2000-10-20,NA
2000-10-21,210422
2000-10-22,210183
2000-10-23,NA
2000-10-24,209779
2000-10-25,209850
2000-10-26,209827
2000-10-27,209613
2000-10-28,209779
2000-10-29,209684
2000-10-30,209660
2000-10-31,NA
2000-11-01,209304
2000-11-02,209114
2000-11-03,208925
2000-11-04,208688
2000-11-05,208451
2000-11-06,208238
2000-11-07,208026
2000-11-08,207742
2000-11-09,NA
2000-11-10,207247
2000-11-11,207011
2000-11-12,206776
2000-11-13,206564
2000-11-14,206352
2000-11-15,206141
2000-11-16,205953
2000-11-17,205695
2000-11-18,205461
2000-11-19,205226
2000-11-20,204992
2000-11-21,204782
2000-11-22,204571
2000-11-23,204338
2000-11-24,204104
2000-11-25,203918
2000-11-26,203662
2000-11-27,203452
2000-11-28,203219
2000-11-29,203266
2000-11-30,203080
2000-12-01,202894
2000-12-02,202685
2000-12-03,202476
2000-12-04,202244
2000-12-05,202012
2000-12-06,NA
2000-12-07,NA
2000-12-08,200810
2000-12-09,200602
2000-12-10,200394
2000-12-11,200256
2000-12-12,200049
2000-12-13,199888
2000-12-14,199796
2000-12-15,199658
2000-12-16,199451
2000-12-17,199290
2000-12-18,199084
2000-12-19,198877
2000-12-20,198648
2000-12-21,198442
2000-12-22,198259
2000-12-23,198053
2000-12-24,197893
2000-12-25,197642
2000-12-26,197437
2000-12-27,197231
2000-12-28,197003
2000-12-29,196776
2000-12-30,NA
2000-12-31,NA
2001-01-01,NA
2001-01-02,195980
2001-01-03,195821
2001-01-04,195662
2001-01-05,195504
2001-01-06,195322
2001-01-07,195254
2001-01-08,NA
2001-01-09,195277
2001-01-10,196457
2001-01-11,198099
2001-01-12,198534
2001-01-13,198625
2001-01-14,198625
2001-01-15,198534
2001-01-16,198442
2001-01-17,198328
2001-01-18,198213
2001-01-19,198122
2001-01-20,197985
2001-01-21,197870
2001-01-22,197733
2001-01-23,NA
2001-01-24,199336
2001-01-25,201665
2001-01-26,203266
2001-01-27,203825
2001-01-28,204058
2001-01-29,204244
2001-01-30,204314
2001-01-31,204338
2001-02-01,204314
2001-02-02,204291
2001-02-03,204291
2001-02-04,204221
2001-02-05,NA
2001-02-06,NA
2001-02-07,203988
2001-02-08,203848
2001-02-09,204198
2001-02-10,204735
2001-02-11,205883
2001-02-12,207601
2001-02-13,208475
2001-02-14,208925
2001-02-15,209233
2001-02-16,209470
2001-02-17,210994
2001-02-18,211973
2001-02-19,215100
2001-02-20,221420
2001-02-21,225861
2001-02-22,230260
2001-02-23,233565
2001-02-24,NA
2001-02-25,242832
2001-02-26,245226
2001-02-27,246522
2001-02-28,247265
2001-03-01,247530
2001-03-02,247769
2001-03-03,247876
2001-03-04,255804
2001-03-05,258503
2001-03-06,258066
2001-03-07,256756
2001-03-08,255451
2001-03-09,254259
2001-03-10,252909
2001-03-11,251429
2001-03-12,250170
2001-03-13,249501
2001-03-14,248594
2001-03-15,247079
2001-03-16,245860
2001-03-17,245808
2001-03-18,245755
2001-03-19,245622
2001-03-20,245490
2001-03-21,245385
2001-03-22,245253
2001-03-23,245094
2001-03-24,245094
2001-03-25,245042
2001-03-26,244883
2001-03-27,244778
2001-03-28,244804
2001-03-29,244778
2001-03-30,244725
2001-03-31,244672
2001-04-01,244593
2001-04-02,244488
2001-04-03,244382
2001-04-04,244330
2001-04-05,244225
2001-04-06,244198
2001-04-07,244119
2001-04-08,244067
2001-04-09,243988
2001-04-10,243909
2001-04-11,243804
2001-04-12,243672
2001-04-13,243593
2001-04-14,243488
2001-04-15,243383
2001-04-16,243278
2001-04-17,243199
2001-04-18,243147
2001-04-19,243068
2001-04-20,243120
2001-04-21,243042
2001-04-22,242989
2001-04-23,242858
2001-04-24,242780
2001-04-25,242648
2001-04-26,242517
2001-04-27,242413
2001-04-28,242282
2001-04-29,242151
2001-04-30,242020
2001-05-01,241863
2001-05-02,241706
2001-05-03,241601
2001-05-04,241471
2001-05-05,241288
2001-05-06,241184
2001-05-07,241027
2001-05-08,240897
2001-05-09,240688
2001-05-10,240532
2001-05-11,240323
2001-05-12,240167
2001-05-13,240011
2001-05-14,239829
2001-05-15,239699
2001-05-16,239543
2001-05-17,239361
2001-05-18,239205
2001-05-19,238998
2001-05-20,238868
2001-05-21,238686
2001-05-22,238479
2001-05-23,238324
2001-05-24,238116
2001-05-25,237935
2001-05-26,237754
2001-05-27,237599
2001-05-28,237393
2001-05-29,237212
2001-05-30,237031
2001-05-31,236825
2001-06-01,236670
2001-06-02,236387
2001-06-03,236155
2001-06-04,235949
2001-06-05,235692
2001-06-06,235512
2001-06-07,235332
2001-06-08,235101
2001-06-09,234871
2001-06-10,234640
2001-06-11,234409
2001-06-12,234102
2001-06-13,233872
2001-06-14,233616
2001-06-15,233361
2001-06-16,233080
2001-06-17,232774
2001-06-18,232494
2001-06-19,232163
2001-06-20,231858
2001-06-21,231502
2001-06-22,231071
2001-06-23,230741
2001-06-24,230336
2001-06-25,229957
2001-06-26,229603
2001-06-27,229527
2001-06-28,229325
2001-06-29,229124
2001-06-30,228872
2001-07-01,228670
2001-07-02,228443
2001-07-03,228167
2001-07-04,227915
2001-07-05,NA
2001-07-06,227288
2001-07-07,226962
2001-07-08,226661
2001-07-09,226336
2001-07-10,226011
2001-07-11,225662
2001-07-12,225337
2001-07-13,224988
2001-07-14,224615
2001-07-15,224316
2001-07-16,NA
2001-07-17,223596
2001-07-18,223274
2001-07-19,222927
2001-07-20,222655
2001-07-21,222334
2001-07-22,222012
2001-07-23,221716
2001-07-24,221766
2001-07-25,221445
2001-07-26,221150
2001-07-27,220830
2001-07-28,220559
2001-07-29,220215
2001-07-30,219872
2001-07-31,219577
2001-08-01,219259
2001-08-02,218965
2001-08-03,218672
2001-08-04,218354
2001-08-05,218062
2001-08-06,217745
2001-08-07,217452
2001-08-08,217136
2001-08-09,216796
2001-08-10,216480
2001-08-11,216165
2001-08-12,215825
2001-08-13,215511
2001-08-14,215196
2001-08-15,214882
2001-08-16,214592
2001-08-17,214255
2001-08-18,213942
2001-08-19,213557
2001-08-20,213244
2001-08-21,212908
2001-08-22,212596
2001-08-23,212284
2001-08-24,211997
2001-08-25,211638
2001-08-26,211304
2001-08-27,210946
2001-08-28,210541
2001-08-29,210112
2001-08-30,209755
2001-08-31,209375
2001-09-01,NA
2001-09-02,208712
2001-09-03,208333
2001-09-04,207955
2001-09-05,207601
2001-09-06,207223
2001-09-07,NA
2001-09-08,206446
2001-09-09,206094
2001-09-10,205859
2001-09-11,205742
2001-09-12,205601
2001-09-13,205507
2001-09-14,205437
2001-09-15,205320
2001-09-16,205203
2001-09-17,205109
2001-09-18,204969
2001-09-19,204735
2001-09-20,204408
2001-09-21,204058
2001-09-22,203731
2001-09-23,203359
2001-09-24,203056
2001-09-25,202801
2001-09-26,202499
2001-09-27,202174
2001-09-28,NA
2001-09-29,NA
2001-09-30,201341
2001-10-01,201040
2001-10-02,200717
2001-10-03,200441
2001-10-04,199773
2001-10-05,199428
2001-10-06,199130
2001-10-07,198854
2001-10-08,198625
2001-10-09,198442
2001-10-10,198282
2001-10-11,198030
2001-10-12,197893
2001-10-13,197688
2001-10-14,197482
2001-10-15,196798
2001-10-16,197117
2001-10-17,196935
2001-10-18,196798
2001-10-19,196616
2001-10-20,196389
2001-10-21,196207
2001-10-22,196003
2001-10-23,195821
2001-10-24,195640
2001-10-25,195436
2001-10-26,195209
2001-10-27,195005
2001-10-28,194847
2001-10-29,194689
2001-10-30,194824
2001-10-31,194689
2001-11-01,194486
2001-11-02,194350
2001-11-03,194192
2001-11-04,194012
2001-11-05,193809
2001-11-06,193628
2001-11-07,193448
2001-11-08,193268
2001-11-09,193088
2001-11-10,193111
2001-11-11,193291
2001-11-12,194192
2001-11-13,194237
2001-11-14,194260
2001-11-15,194192
2001-11-16,194124
2001-11-17,194057
2001-11-18,193921
2001-11-19,193899
2001-11-20,193876
2001-11-21,194892
2001-11-22,195549
2001-11-23,195594
2001-11-24,198076
2001-11-25,198602
2001-11-26,198786
2001-11-27,198832
2001-11-28,201179
2001-11-29,203545
2001-11-30,204221
2001-12-01,209898
2001-12-02,213821
2001-12-03,215922
2001-12-04,216869
2001-12-05,218257
2001-12-06,219651
2001-12-07,220289
2001-12-08,220707
2001-12-09,220903
2001-12-10,220953
2001-12-11,220977
2001-12-12,220928
2001-12-13,221371
2001-12-14,222828
2001-12-15,223175
2001-12-16,223621
2001-12-17,225487
2001-12-18,226286
2001-12-19,227062
2001-12-20,229603
2001-12-21,231477
2001-12-22,234026
2001-12-23,235615
2001-12-24,236567
2001-12-25,237393
2001-12-26,238013
2001-12-27,238764
2001-12-28,240453
2001-12-29,242439
2001-12-30,245570
2001-12-31,248674
2002-01-01,253719
2002-01-02,265042
2002-01-03,268619
2002-01-04,268283
2002-01-05,266966
2002-01-06,266380
2002-01-07,264291
2002-01-08,261083
2002-01-09,257383
2002-01-10,253287
2002-01-11,249555
2002-01-12,247265
2002-01-13,246046
2002-01-14,245438
2002-01-15,245147
2002-01-16,244857
2002-01-17,244751
2002-01-18,244751
2002-01-19,244725
2002-01-20,244699
2002-01-21,244646
2002-01-22,244567
2002-01-23,244488
2002-01-24,244356
2002-01-25,244225
2002-01-26,244304
2002-01-27,244172
2002-01-28,244119
2002-01-29,243961
2002-01-30,243804
2002-01-31,243620
2002-02-01,243462
2002-02-02,243304
2002-02-03,243120
2002-02-04,242937
2002-02-05,242727
2002-02-06,242517
2002-02-07,242570
2002-02-08,242491
2002-02-09,242413
2002-02-10,242386
2002-02-11,242334
2002-02-12,242308
2002-02-13,242282
2002-02-14,242177
2002-02-15,242125
2002-02-16,242229
2002-02-17,242308
2002-02-18,242255
2002-02-19,242622
2002-02-20,243120
2002-02-21,243383
2002-02-22,243567
2002-02-23,243777
2002-02-24,243882
2002-02-25,243961
2002-02-26,243988
2002-02-27,244040
2002-02-28,244040
2002-03-01,244014
2002-03-02,243961
2002-03-03,243909
2002-03-04,243830
2002-03-05,243830
2002-03-06,243988
2002-03-07,244172
2002-03-08,244251
2002-03-09,244435
2002-03-10,245015
2002-03-11,245253
2002-03-12,245385
2002-03-13,245042
2002-03-14,244883
2002-03-15,244883
2002-03-16,244857
2002-03-17,244857
2002-03-18,244831
2002-03-19,244751
2002-03-20,244699
2002-03-21,244620
2002-03-22,244883
2002-03-23,245702
2002-03-24,245966
2002-03-25,246125
2002-03-26,246151
2002-03-27,246125
2002-03-28,246072
2002-03-29,245966
2002-03-30,245913
2002-03-31,245755
2002-04-01,245622
2002-04-02,245490
2002-04-03,245332
2002-04-04,245200
2002-04-05,245121
2002-04-06,245015
2002-04-07,244883
2002-04-08,244804
2002-04-09,244778
2002-04-10,244725
2002-04-11,244646
2002-04-12,244567
2002-04-13,244488
2002-04-14,244462
2002-04-15,244225
2002-04-16,244146
2002-04-17,244067
2002-04-18,243961
2002-04-19,243856
2002-04-20,243698
2002-04-21,243593
2002-04-22,243462
2002-04-23,243331
2002-04-24,243199
2002-04-25,243042
2002-04-26,242911
2002-04-27,242701
2002-04-28,242570
2002-04-29,242465
2002-04-30,242360
2002-05-01,242203
2002-05-02,242020
2002-05-03,241863
2002-05-04,241706
2002-05-05,241523
2002-05-06,241366
2002-05-07,241157
2002-05-08,240949
2002-05-09,240740
2002-05-10,240558
2002-05-11,240349
2002-05-12,240167
2002-05-13,239985
2002-05-14,239829
2002-05-15,239621
2002-05-16,239465
2002-05-17,239283
2002-05-18,239101
2002-05-19,238998
2002-05-20,239127
2002-05-21,239023
2002-05-22,238868
2002-05-23,238712
2002-05-24,238557
2002-05-25,238401
2002-05-26,238220
2002-05-27,238065
2002-05-28,237935
2002-05-29,237780
2002-05-30,237599
2002-05-31,237418
2002-06-01,237238
2002-06-02,237083
2002-06-03,236876
2002-06-04,236670
2002-06-05,236516
2002-06-06,236258
2002-06-07,236026
2002-06-08,235769
2002-06-09,235487
2002-06-10,235281
2002-06-11,235050
2002-06-12,234845
2002-06-13,234640
2002-06-14,234435
2002-06-15,234205
2002-06-16,233974
2002-06-17,233719
2002-06-18,233489
2002-06-19,233259
2002-06-20,233004
2002-06-21,232749
2002-06-22,232545
2002-06-23,232316
2002-06-24,232087
2002-06-25,231883
2002-06-26,231655
2002-06-27,231452
2002-06-28,231198
2002-06-29,231020
2002-06-30,230741
2002-07-01,230488
2002-07-02,230235
2002-07-03,230033
2002-07-04,229755
2002-07-05,229502
2002-07-06,229275
2002-07-07,229048
2002-07-08,228771
2002-07-09,228544
2002-07-10,228267
2002-07-11,228016
2002-07-12,227740
2002-07-13,227463
2002-07-14,227187
2002-07-15,226887
2002-07-16,226611
2002-07-17,226311
2002-07-18,226061
2002-07-19,225786
2002-07-20,225512
2002-07-21,225188
2002-07-22,224914
2002-07-23,224640
2002-07-24,224366
2002-07-25,224068
2002-07-26,223795
2002-07-27,223497
2002-07-28,223224
2002-07-29,222977
2002-07-30,222729
2002-07-31,222482
2002-08-01,222210
2002-08-02,221938
2002-08-03,221667
2002-08-04,221396
2002-08-05,221100
2002-08-06,220805
2002-08-07,220510
2002-08-08,220240
2002-08-09,219945
2002-08-10,219626
2002-08-11,219308
2002-08-12,218990
2002-08-13,218648
2002-08-14,218330
2002-08-15,217988
2002-08-16,217672
2002-08-17,217355
2002-08-18,217015
2002-08-19,216699
2002-08-20,216383
2002-08-21,215995
2002-08-22,215680
2002-08-23,215366
2002-08-24,215075
2002-08-25,214761
2002-08-26,214448
2002-08-27,214134
2002-08-28,213797
2002-08-29,213508
2002-08-30,213196
2002-08-31,212932
2002-09-01,212620
2002-09-02,212308
2002-09-03,211997
2002-09-04,211686
2002-09-05,211352
2002-09-06,211041
2002-09-07,210731
2002-09-08,210398
2002-09-09,210112
2002-09-10,209803
2002-09-11,209494
2002-09-12,209186
2002-09-13,208877
2002-09-14,208593
2002-09-15,208286
2002-09-16,208002
2002-09-17,207695
2002-09-18,207435
2002-09-19,207153
2002-09-20,206870
2002-09-21,206588
2002-09-22,206329
2002-09-23,206141
2002-09-24,205836
2002-09-25,205601
2002-09-26,205297
2002-09-27,204992
2002-09-28,204735
2002-09-29,204455
2002-09-30,204174
2002-10-01,203894
2002-10-02,203662
2002-10-03,203359
2002-10-04,203080
2002-10-05,202824
2002-10-06,202569
2002-10-07,202290
2002-10-08,202035
2002-10-09,201688
2002-10-10,201433
2002-10-11,201179
2002-10-12,200948
2002-10-13,200648
2002-10-14,200371
2002-10-15,200095
2002-10-16,199773
2002-10-17,199497
2002-10-18,199245
2002-10-19,199015
2002-10-20,198877
2002-10-21,198648
2002-10-22,198396
2002-10-23,198145
2002-10-24,197916
2002-10-25,197756
2002-10-26,197528
2002-10-27,197323
2002-10-28,197117
2002-10-29,196867
2002-10-30,196662
2002-10-31,196412
2002-11-01,196139
2002-11-02,195844
2002-11-03,195572
2002-11-04,195277
2002-11-05,195005
2002-11-06,194711
2002-11-07,195254
2002-11-08,195436
2002-11-09,195368
2002-11-10,195345
2002-11-11,195164
2002-11-12,194983
2002-11-13,194757
2002-11-14,194553
2002-11-15,194327
2002-11-16,194102
2002-11-17,193899
2002-11-18,193674
2002-11-19,193448
2002-11-20,193246
2002-11-21,193021
2002-11-22,192796
2002-11-23,192572
2002-11-24,192348
2002-11-25,192101
2002-11-26,191945
2002-11-27,191698
2002-11-28,191475
2002-11-29,191229
2002-11-30,190983
2002-12-01,190738
2002-12-02,190515
2002-12-03,190293
2002-12-04,190092
2002-12-05,189848
2002-12-06,189670
2002-12-07,189426
2002-12-08,189204
2002-12-09,189071
2002-12-10,188938
2002-12-11,188717
2002-12-12,188628
2002-12-13,193944
2002-12-14,206705
2002-12-15,215995
2002-12-16,229477
2002-12-17,231680
2002-12-18,232571
2002-12-19,234999
2002-12-20,241680
2002-12-21,245913
2002-12-22,247663
2002-12-23,248408
2002-12-24,247079
2002-12-25,246125
2002-12-26,246496
2002-12-27,250732
2002-12-28,257984
2002-12-29,261552
2002-12-30,262739
2002-12-31,265710
2003-01-01,263709
2003-01-02,260588
2003-01-03,257438
2003-01-04,254395
2003-01-05,251161
2003-01-06,248195
2003-01-07,246893
2003-01-08,246549
2003-01-09,246390
2003-01-10,246443
2003-01-11,246363
2003-01-12,249395
2003-01-13,254963
2003-01-14,254855
2003-01-15,253287
2003-01-16,251107
2003-01-17,248568
2003-01-18,247132
2003-01-19,246734
2003-01-20,246337
2003-01-21,245728
2003-01-22,247344
2003-01-23,249048
2003-01-24,250009
2003-01-25,250598
2003-01-26,251027
2003-01-27,250009
2003-01-28,247265
2003-01-29,244857
2003-01-30,244462
2003-01-31,244672
2003-02-01,244804
2003-02-02,244883
2003-02-03,244962
2003-02-04,244989
2003-02-05,244989
2003-02-06,244989
2003-02-07,244936
2003-02-08,244883
2003-02-09,244804
2003-02-10,244699
2003-02-11,244620
2003-02-12,244699
2003-02-13,244831
2003-02-14,244751
2003-02-15,245464
2003-02-16,246708
2003-02-17,247079
2003-02-18,246443
2003-02-19,245358
2003-02-20,245042
2003-02-21,245121
2003-02-22,245173
2003-02-23,245173
2003-02-24,245200
2003-02-25,245200
2003-02-26,245173
2003-02-27,245121
2003-02-28,245068
2003-03-01,244989
2003-03-02,244857
2003-03-03,244778
2003-03-04,244672
2003-03-05,244567
2003-03-06,244409
2003-03-07,244277
2003-03-08,244119
2003-03-09,243961
2003-03-10,243804
2003-03-11,243646
2003-03-12,243488
2003-03-13,243672
2003-03-14,245121
2003-03-15,250143
2003-03-16,251510
2003-03-17,250893
2003-03-18,248648
2003-03-19,246310
2003-03-20,244620
2003-03-21,244198
2003-03-22,244382
2003-03-23,244567
2003-03-24,244646
2003-03-25,244672
2003-03-26,244751
2003-03-27,244725
2003-03-28,244725
2003-03-29,244646
2003-03-30,244593
2003-03-31,244541
2003-04-01,244567
2003-04-02,244646
2003-04-03,244672
2003-04-04,244936
2003-04-05,244936
2003-04-06,244962
2003-04-07,244962
2003-04-08,244962
2003-04-09,244962
2003-04-10,244936
2003-04-11,244883
2003-04-12,246257
2003-04-13,247716
2003-04-14,247583
2003-04-15,245306
2003-04-16,244725
2003-04-17,245226
2003-04-18,245543
2003-04-19,245781
2003-04-20,245940
2003-04-21,246098
2003-04-22,246257
2003-04-23,246443
2003-04-24,247716
2003-04-25,248168
2003-04-26,247026
2003-04-27,245490
2003-04-28,246284
2003-04-29,248941
2003-04-30,249128
2003-05-01,247398
2003-05-02,246125
2003-05-03,245464
2003-05-04,244910
2003-05-05,244725
2003-05-06,244488
2003-05-07,244330
2003-05-08,244172
2003-05-09,244146
2003-05-10,244067
2003-05-11,243935
2003-05-12,243935
2003-05-13,243961
2003-05-14,243988
2003-05-15,243988
2003-05-16,243988
2003-05-17,243961
2003-05-18,243935
2003-05-19,243935
2003-05-20,243961
2003-05-21,243961
2003-05-22,243961
2003-05-23,243935
2003-05-24,243935
2003-05-25,243909
2003-05-26,243909
2003-05-27,243804
2003-05-28,243751
2003-05-29,243646
2003-05-30,243620
2003-05-31,243541
2003-06-01,243462
2003-06-02,243331
2003-06-03,243304
2003-06-04,243120
2003-06-05,243042
2003-06-06,242911
2003-06-07,242806
2003-06-08,242701
2003-06-09,242596
2003-06-10,242465
2003-06-11,242360
2003-06-12,242229
2003-06-13,242098
2003-06-14,241915
2003-06-15,241732
2003-06-16,241549
2003-06-17,241471
2003-06-18,241262
2003-06-19,241105
2003-06-20,NA
2003-06-21,240558
2003-06-22,240323
2003-06-23,240115
2003-06-24,239855
2003-06-25,239673
2003-06-26,239465
2003-06-27,239231
2003-06-28,238972
2003-06-29,238790
2003-06-30,238634
2003-07-01,238453
2003-07-02,238168
2003-07-03,238013
2003-07-04,237832
2003-07-05,237548
2003-07-06,237160
2003-07-07,237005
2003-07-08,236799
2003-07-09,236438
2003-07-10,236129
2003-07-11,235846
2003-07-12,235512
2003-07-13,235230
2003-07-14,234948
2003-07-15,234640
2003-07-16,234384
2003-07-17,234102
2003-07-18,233795
2003-07-19,233514
2003-07-20,233208
2003-07-21,232953
2003-07-22,232672
2003-07-23,232367
2003-07-24,232112
2003-07-25,231909
2003-07-26,231731
2003-07-27,231426
2003-07-28,231198
2003-07-29,230944
2003-07-30,230716
2003-07-31,NA
2003-08-01,230235
2003-08-02,230007
2003-08-03,229755
2003-08-04,229578
2003-08-05,229325
2003-08-06,229048
2003-08-07,228771
2003-08-08,228544
2003-08-09,228293
2003-08-10,228041
2003-08-11,227714
2003-08-12,227463
2003-08-13,227187
2003-08-14,226937
2003-08-15,226711
2003-08-16,226411
2003-08-17,226136
2003-08-18,225861
2003-08-19,225612
2003-08-20,225362
2003-08-21,225113
2003-08-22,224864
2003-08-23,224615
2003-08-24,224416
2003-08-25,224167
2003-08-26,223844
2003-08-27,223571
2003-08-28,223323
2003-08-29,223051
2003-08-30,222779
2003-08-31,222531
2003-09-01,222284
2003-09-02,222012
2003-09-03,221741
2003-09-04,221519
2003-09-05,221273
2003-09-06,221051
2003-09-07,220780
2003-09-08,220707
2003-09-09,220485
2003-09-10,220264
2003-09-11,219774
2003-09-12,219823
2003-09-13,219602
2003-09-14,219381
2003-09-15,219161
2003-09-16,218892
2003-09-17,218696
2003-09-18,218452
2003-09-19,218184
2003-09-20,217940
2003-09-21,217696
2003-09-22,217428
2003-09-23,217087
2003-09-24,216917
2003-09-25,216723
2003-09-26,216480
2003-09-27,216213
2003-09-28,215995
2003-09-29,215753
2003-09-30,215486
2003-10-01,215245
2003-10-02,214930
2003-10-03,214689
2003-10-04,214448
2003-10-05,214255
2003-10-06,213990
2003-10-07,213749
2003-10-08,213508
2003-10-09,213220
2003-10-10,213004
2003-10-11,212764
2003-10-12,212548
2003-10-13,212308
2003-10-14,212021
2003-10-15,211782
2003-10-16,211519
2003-10-17,211256
2003-10-18,210970
2003-10-19,210755
2003-10-20,210541
2003-10-21,210302
2003-10-22,210088
2003-10-23,209898
2003-10-24,209684
2003-10-25,209470
2003-10-26,209233
2003-10-27,209020
2003-10-28,208759
2003-10-29,208522
2003-10-30,208215
2003-10-31,207955
2003-11-01,207671
2003-11-02,207459
2003-11-03,207200
2003-11-04,206941
2003-11-05,206729
2003-11-06,206164
2003-11-07,205977
2003-11-08,206352
2003-11-09,206282
2003-11-10,206071
2003-11-11,205836
2003-11-12,205554
2003-11-13,205273
2003-11-14,205156
2003-11-15,204945
2003-11-16,204735
2003-11-17,204525
2003-11-18,204291
2003-11-19,204058
2003-11-20,203825
2003-11-21,203568
2003-11-22,203336
2003-11-23,203080
2003-11-24,202847
2003-11-25,202592
2003-11-26,202360
2003-11-27,202105
2003-11-28,201919
2003-11-29,201757
2003-11-30,201757
2003-12-01,202452
2003-12-02,202638
2003-12-03,202545
2003-12-04,202476
2003-12-05,202569
2003-12-06,204455
2003-12-07,204875
2003-12-08,204899
2003-12-09,205554
2003-12-10,207388
2003-12-11,208357
2003-12-12,208996
2003-12-13,210636
2003-12-14,214207
2003-12-15,214906
2003-12-16,215245
2003-12-17,215390
2003-12-18,215414
2003-12-19,215753
2003-12-20,216747
2003-12-21,217428
2003-12-22,217769
2003-12-23,219210
2003-12-24,226762
2003-12-25,228771
2003-12-26,229729
2003-12-27,230260
2003-12-28,230741
2003-12-29,240818
2003-12-30,243830
2003-12-31,NA
2004-01-01,252532
2004-01-02,253692
2004-01-03,252048
2004-01-04,249822
2004-01-05,247291
2004-01-06,245808
2004-01-07,245570
2004-01-08,245966
2004-01-09,247743
2004-01-10,248914
2004-01-11,249528
2004-01-12,249849
2004-01-13,248834
2004-01-14,247451
2004-01-15,246575
2004-01-16,246390
2004-01-17,246575
2004-01-18,246734
2004-01-19,246814
2004-01-20,246602
2004-01-21,245649
2004-01-22,245094
2004-01-23,245094
2004-01-24,245147
2004-01-25,245042
2004-01-26,245042
2004-01-27,245332
2004-01-28,245438
2004-01-29,245490
2004-01-30,245570
2004-01-31,245490
2004-02-01,245570
2004-02-02,248461
2004-02-03,248541
2004-02-04,246443
2004-02-05,245808
2004-02-06,246416
2004-02-07,246920
2004-02-08,247238
2004-02-09,246946
2004-02-10,246257
2004-02-11,245490
2004-02-12,245200
2004-02-13,245332
2004-02-14,245385
2004-02-15,245570
2004-02-16,253395
2004-02-17,271692
2004-02-18,280126
2004-02-19,282908
2004-02-20,280328
2004-02-21,275587
2004-02-22,270533
2004-02-23,265209
2004-02-24,260423
2004-02-25,267442
2004-02-26,271296
2004-02-27,269885
2004-02-28,265933
2004-02-29,261414
2004-03-01,256838
2004-03-02,251832
2004-03-03,248062
2004-03-04,246257
2004-03-05,245808
2004-03-06,245781
2004-03-07,245622
2004-03-08,245834
2004-03-09,245808
2004-03-10,245781
2004-03-11,245887
2004-03-12,245940
2004-03-13,245940
2004-03-14,245966
2004-03-15,245966
2004-03-16,245940
2004-03-17,245887
2004-03-18,245781
2004-03-19,245702
2004-03-20,245596
2004-03-21,245517
2004-03-22,245385
2004-03-23,245279
2004-03-24,245121
2004-03-25,245332
2004-03-26,245306
2004-03-27,245279
2004-03-28,245147
2004-03-29,245015
2004-03-30,244857
2004-03-31,244699
2004-04-01,244514
2004-04-02,244304
2004-04-03,244093
2004-04-04,243935
2004-04-05,243751
2004-04-06,243541
2004-04-07,243331
2004-04-08,NA
2004-04-09,243042
2004-04-10,242858
2004-04-11,242701
2004-04-12,242570
2004-04-13,242439
2004-04-14,242360
2004-04-15,242255
2004-04-16,242177
2004-04-17,242098
2004-04-18,241994
2004-04-19,242072
2004-04-20,242098
2004-04-21,242020
2004-04-22,241915
2004-04-23,241758
2004-04-24,241628
2004-04-25,241497
2004-04-26,241340
2004-04-27,241131
2004-04-28,240870
2004-04-29,240688
2004-04-30,240505
2004-05-01,240375
2004-05-02,240193
2004-05-03,240037
2004-05-04,239907
2004-05-05,239699
2004-05-06,239543
2004-05-07,239439
2004-05-08,239283
2004-05-09,239127
2004-05-10,238920
2004-05-11,238712
2004-05-12,238531
2004-05-13,238349
2004-05-14,238168
2004-05-15,237961
2004-05-16,237780
2004-05-17,237548
2004-05-18,237393
2004-05-19,237186
2004-05-20,237005
2004-05-21,236825
2004-05-22,236593
2004-05-23,236387
2004-05-24,236207
2004-05-25,236026
2004-05-26,235821
2004-05-27,235615
2004-05-28,235435
2004-05-29,235230
2004-05-30,234999
2004-05-31,234819
2004-06-01,234563
2004-06-02,234307
2004-06-03,234102
2004-06-04,233872
2004-06-05,233616
2004-06-06,233361
2004-06-07,233106
2004-06-08,232851
2004-06-09,232596
2004-06-10,232367
2004-06-11,232087
2004-06-12,231858
2004-06-13,231578
2004-06-14,231350
2004-06-15,231071
2004-06-16,230792
2004-06-17,230513
2004-06-18,230286
2004-06-19,230007
2004-06-20,229780
2004-06-21,229502
2004-06-22,229225
2004-06-23,228972
2004-06-24,228746
2004-06-25,228443
2004-06-26,228167
2004-06-27,227865
2004-06-28,227589
2004-06-29,227338
2004-06-30,227087
2004-07-01,226812
2004-07-02,226561
2004-07-03,226286
2004-07-04,226011
2004-07-05,225761
2004-07-06,225487
2004-07-07,225237
2004-07-08,224988
2004-07-09,224739
2004-07-10,224540
2004-07-11,224291
2004-07-12,224093
2004-07-13,223844
2004-07-14,223646
2004-07-15,223423
2004-07-16,223175
2004-07-17,222927
2004-07-18,222680
2004-07-19,222457
2004-07-20,222210
2004-07-21,221988
2004-07-22,221716
2004-07-23,221494
2004-07-24,221248
2004-07-25,221026
2004-07-26,220805
2004-07-27,220559
2004-07-28,220313
2004-07-29,220068
2004-07-30,219823
2004-07-31,219602
2004-08-01,219357
2004-08-02,219161
2004-08-03,218916
2004-08-04,218696
2004-08-05,218477
2004-08-06,218232
2004-08-07,217988
2004-08-08,217720
2004-08-09,217477
2004-08-10,217258
2004-08-11,217015
2004-08-12,216747
2004-08-13,216504
2004-08-14,216286
2004-08-15,216044
2004-08-16,215801
2004-08-17,215559
2004-08-18,215269
2004-08-19,215003
2004-08-20,214713
2004-08-21,214448
2004-08-22,214134
2004-08-23,213918
2004-08-24,213653
2004-08-25,213412
2004-08-26,213196
2004-08-27,212980
2004-08-28,212764
2004-08-29,212476
2004-08-30,212213
2004-08-31,211997
2004-09-01,211973
2004-09-02,211519
2004-09-03,211399
2004-09-04,211137
2004-09-05,210898
2004-09-06,210636
2004-09-07,210422
2004-09-08,210041
2004-09-09,209755
2004-09-10,209542
2004-09-11,209281
2004-09-12,209020
2004-09-13,208759
2004-09-14,208546
2004-09-15,208262
2004-09-16,208002
2004-09-17,207742
2004-09-18,207459
2004-09-19,207200
2004-09-20,206988
2004-09-21,206776
2004-09-22,206658
2004-09-23,206305
2004-09-24,206024
2004-09-25,205765
2004-09-26,205531
2004-09-27,205273
2004-09-28,205039
2004-09-29,204805
2004-09-30,204571
2004-10-01,204338
2004-10-02,204104
2004-10-03,203894
2004-10-04,203662
2004-10-05,203475
2004-10-06,203266
2004-10-07,203010
2004-10-08,202801
2004-10-09,202569
2004-10-10,202337
2004-10-11,202128
2004-10-12,201896
2004-10-13,201665
2004-10-14,201387
2004-10-15,201110
2004-10-16,200833
2004-10-17,200671
2004-10-18,200418
2004-10-19,200879
2004-10-20,200786
2004-10-21,200579
2004-10-22,200371
2004-10-23,200210
2004-10-24,200026
2004-10-25,199934
2004-10-26,199934
2004-10-27,199773
2004-10-28,199566
2004-10-29,199359
2004-10-30,199199
2004-10-31,199015
2004-11-01,198786
2004-11-02,198580
2004-11-03,198373
2004-11-04,198122
2004-11-05,197916
2004-11-06,197642
2004-11-07,197414
2004-11-08,197186
2004-11-09,196981
2004-11-10,197003
2004-11-11,197140
2004-11-12,197049
2004-11-13,196867
2004-11-14,196662
2004-11-15,196434
2004-11-16,196230
2004-11-17,196048
2004-11-18,195798
2004-11-19,195617
2004-11-20,195368
2004-11-21,195141
2004-11-22,194892
2004-11-23,194689
2004-11-24,194395
2004-11-25,194192
2004-11-26,193989
2004-11-27,194012
2004-11-28,193809
2004-11-29,193583
2004-11-30,193403
2004-12-01,193178
2004-12-02,192954
2004-12-03,192752
2004-12-04,192527
2004-12-05,192303
2004-12-06,193223
2004-12-07,194983
2004-12-08,201133
2004-12-09,201966
2004-12-10,202221
2004-12-11,202313
2004-12-12,202337
2004-12-13,202313
2004-12-14,202244
2004-12-15,202128
2004-12-16,202035
2004-12-17,201896
2004-12-18,201734
2004-12-19,201595
2004-12-20,201433
2004-12-21,201271
2004-12-22,201087
2004-12-23,200902
2004-12-24,200717
2004-12-25,200510
2004-12-26,201711
2004-12-27,206211
2004-12-28,208096
2004-12-29,209423
2004-12-30,211614
2004-12-31,213148
2005-01-01,214858
2005-01-02,216626
2005-01-03,218110
2005-01-04,219014
2005-01-05,219626
2005-01-06,220019
2005-01-07,221815
2005-01-08,223919
2005-01-09,225612
2005-01-10,227338
2005-01-11,230767
2005-01-12,232316
2005-01-13,233259
2005-01-14,233872
2005-01-15,234307
2005-01-16,234614
2005-01-17,234845
2005-01-18,234999
2005-01-19,235101
2005-01-20,235178
2005-01-21,235230
2005-01-22,235255
2005-01-23,235230
2005-01-24,235204
2005-01-25,235487
2005-01-26,236696
2005-01-27,237806
2005-01-28,241105
2005-01-29,242517
2005-01-30,243409
2005-01-31,244040
2005-02-01,244514
2005-02-02,244804
2005-02-03,245042
2005-02-04,245226
2005-02-05,245385
2005-02-06,245438
2005-02-07,245517
2005-02-08,245596
2005-02-09,245622
2005-02-10,245622
2005-02-11,245596
2005-02-12,245570
2005-02-13,245543
2005-02-14,245543
2005-02-15,245517
2005-02-16,245543
2005-02-17,245543
2005-02-18,245966
2005-02-19,246734
2005-02-20,248222
2005-02-21,250063
2005-02-22,251054
2005-02-23,250920
2005-02-24,250170
2005-02-25,249368
2005-02-26,248488
2005-02-27,249555
2005-02-28,248914
2005-03-01,247185
2005-03-02,245993
2005-03-03,245438
2005-03-04,245702
2005-03-05,245702
2005-03-06,245543
2005-03-07,245438
2005-03-08,245490
2005-03-09,245675
2005-03-10,245834
2005-03-11,245966
2005-03-12,246046
2005-03-13,246178
2005-03-14,246204
2005-03-15,246204
2005-03-16,246204
2005-03-17,246178
2005-03-18,246337
2005-03-19,248248
2005-03-20,249929
2005-03-21,252370
2005-03-22,255750
2005-03-23,255533
2005-03-24,254043
2005-03-25,252128
2005-03-26,249849
2005-03-27,249234
2005-03-28,248195
2005-03-29,247663
2005-03-30,247158
2005-03-31,246310
2005-04-01,245728
2005-04-02,245517
2005-04-03,245940
2005-04-04,245966
2005-04-05,245755
2005-04-06,245675
2005-04-07,246231
2005-04-08,247424
2005-04-09,248302
2005-04-10,248941
2005-04-11,248888
2005-04-12,248275
2005-04-13,247982
2005-04-14,247265
2005-04-15,246284
2005-04-16,245834
2005-04-17,245358
2005-04-18,245094
2005-04-19,245042
2005-04-20,244883
2005-04-21,244699
2005-04-22,244567
2005-04-23,244541
2005-04-24,244409
2005-04-25,244251
2005-04-26,244067
2005-04-27,243856
2005-04-28,243646
2005-04-29,243436
2005-04-30,243199
2005-05-01,242963
2005-05-02,242727
2005-05-03,242439
2005-05-04,242491
2005-05-05,242413
2005-05-06,242255
2005-05-07,242072
2005-05-08,242360
2005-05-09,242675
2005-05-10,242648
2005-05-11,242570
2005-05-12,242465
2005-05-13,242308
2005-05-14,242151
2005-05-15,241994
2005-05-16,241889
2005-05-17,241811
2005-05-18,247185
2005-05-19,248248
2005-05-20,247796
2005-05-21,247823
2005-05-22,247637
2005-05-23,247344
2005-05-24,246973
2005-05-25,246549
2005-05-26,246098
2005-05-27,245887
2005-05-28,245834
2005-05-29,245728
2005-05-30,245622
2005-05-31,245517
2005-06-01,245332
2005-06-02,245147
2005-06-03,244962
2005-06-04,244751
2005-06-05,244567
2005-06-06,244330
2005-06-07,244119
2005-06-08,244146
2005-06-09,244119
2005-06-10,243988
2005-06-11,243830
2005-06-12,243698
2005-06-13,243514
2005-06-14,243331
2005-06-15,243094
2005-06-16,243068
2005-06-17,242989
2005-06-18,242911
2005-06-19,242753
2005-06-20,242596
2005-06-21,242413
2005-06-22,242255
2005-06-23,242046
2005-06-24,241889
2005-06-25,241706
2005-06-26,241523
2005-06-27,241314
2005-06-28,241131
2005-06-29,240949
2005-06-30,240740
2005-07-01,240584
2005-07-02,240375
2005-07-03,240167
2005-07-04,239933
2005-07-05,239725
2005-07-06,239491
2005-07-07,239283
2005-07-08,239049
2005-07-09,238842
2005-07-10,238634
2005-07-11,238427
2005-07-12,238194
2005-07-13,237961
2005-07-14,237729
2005-07-15,237522
2005-07-16,237289
2005-07-17,237057
2005-07-18,236825
2005-07-19,236593
2005-07-20,236361
2005-07-21,236129
2005-07-22,235898
2005-07-23,235666
2005-07-24,235435
2005-07-25,235255
2005-07-26,234896
2005-07-27,234666
2005-07-28,234409
2005-07-29,234153
2005-07-30,233923
2005-07-31,233693
2005-08-01,233412
2005-08-02,233157
2005-08-03,232902
2005-08-04,232672
2005-08-05,232418
2005-08-06,232189
2005-08-07,231934
2005-08-08,231680
2005-08-09,231426
2005-08-10,231172
2005-08-11,230919
2005-08-12,230665
2005-08-13,NA
2005-08-14,230159
2005-08-15,229932
2005-08-16,229654
2005-08-17,229401
2005-08-18,229149
2005-08-19,228897
2005-08-20,228670
2005-08-21,228418
2005-08-22,228167
2005-08-23,227915
2005-08-24,227664
2005-08-25,227438
2005-08-26,227187
2005-08-27,226937
2005-08-28,226686
2005-08-29,226536
2005-08-30,226286
2005-08-31,226061
2005-09-01,225761
2005-09-02,225512
2005-09-03,225237
2005-09-04,NA
2005-09-05,224764
2005-09-06,224490
2005-09-07,224242
2005-09-08,223993
2005-09-09,223745
2005-09-10,223497
2005-09-11,223274
2005-09-12,222977
2005-09-13,222729
2005-09-14,222482
2005-09-15,222235
2005-09-16,222012
2005-09-17,221766
2005-09-18,221544
2005-09-19,221322
2005-09-20,221026
2005-09-21,220805
2005-09-22,220559
2005-09-23,220338
2005-09-24,220092
2005-09-25,219847
2005-09-26,219553
2005-09-27,219332
2005-09-28,219112
2005-09-29,218892
2005-09-30,218623
2005-10-01,218354
2005-10-02,218110
2005-10-03,217842
2005-10-04,217623
2005-10-05,217379
2005-10-06,217136
2005-10-07,216893
2005-10-08,216626
2005-10-09,216383
2005-10-10,216140
2005-10-11,215898
2005-10-12,215656
2005-10-13,215438
2005-10-14,215172
2005-10-15,214955
2005-10-16,214761
2005-10-17,214520
2005-10-18,214231
2005-10-19,214014
2005-10-20,213797
2005-10-21,213557
2005-10-22,213340
2005-10-23,213100
2005-10-24,212836
2005-10-25,212620
2005-10-26,212476
2005-10-27,212260
2005-10-28,212260
2005-10-29,212069
2005-10-30,211854
2005-10-31,211614
2005-11-01,211375
2005-11-02,211184
2005-11-03,211041
2005-11-04,210850
2005-11-05,210612
2005-11-06,210398
2005-11-07,210660
2005-11-08,210660
2005-11-09,210445
2005-11-10,210279
2005-11-11,210064
2005-11-12,209850
2005-11-13,209613
2005-11-14,209375
2005-11-15,209162
2005-11-16,208925
2005-11-17,208688
2005-11-18,208451
2005-11-19,208215
2005-11-20,207978
2005-11-21,207742
2005-11-22,207530
2005-11-23,207270
2005-11-24,207035
2005-11-25,207058
2005-11-26,206846
2005-11-27,206635
2005-11-28,206658
2005-11-29,206729
2005-11-30,206658
2005-12-01,209470
2005-12-02,209969
2005-12-03,210064
2005-12-04,209946
2005-12-05,209827
2005-12-06,209684
2005-12-07,209518
2005-12-08,209375
2005-12-09,209186
2005-12-10,209020
2005-12-11,208830
2005-12-12,208641
2005-12-13,208451
2005-12-14,208262
2005-12-15,208049
2005-12-16,207837
2005-12-17,207742
2005-12-18,211567
2005-12-19,215317
2005-12-20,217647
2005-12-21,221568
2005-12-22,227539
2005-12-23,229729
2005-12-24,230716
2005-12-25,231858
2005-12-26,235101
2005-12-27,243961
2005-12-28,257356
2005-12-29,260918
2005-12-30,276244
2005-12-31,296292
2006-01-01,307170
2006-01-02,313052
2006-01-03,317750
2006-01-04,318222
2006-01-05,314144
2006-01-06,309143
2006-01-07,303586
2006-01-08,297675
2006-01-09,291458
2006-01-10,285037
2006-01-11,278540
2006-01-12,271890
2006-01-13,265905
2006-01-14,261607
2006-01-15,256729
2006-01-16,251671
2006-01-17,247982
2006-01-18,247344
2006-01-19,247769
2006-01-20,248115
2006-01-21,248488
2006-01-22,NA
2006-01-23,248461
2006-01-24,248302
2006-01-25,248062
2006-01-26,247690
2006-01-27,247451
2006-01-28,247716
2006-01-29,247743
2006-01-30,248515
2006-01-31,248302
2006-02-01,248461
2006-02-02,247849
2006-02-03,247796
2006-02-04,248728
2006-02-05,249315
2006-02-06,249769
2006-02-07,250116
2006-02-08,250304
2006-02-09,250464
2006-02-10,250518
2006-02-11,250571
2006-02-12,250571
2006-02-13,250491
2006-02-14,250384
2006-02-15,250250
2006-02-16,250063
2006-02-17,249929
2006-02-18,249769
2006-02-19,249582
2006-02-20,249395
2006-02-21,249181
2006-02-22,248941
2006-02-23,248701
2006-02-24,248435
2006-02-25,248142
2006-02-26,248302
2006-02-27,257110
2006-02-28,262905
2006-03-01,263653
2006-03-02,261828
2006-03-03,260670
2006-03-04,258503
2006-03-05,267750
2006-03-06,276244
2006-03-07,278886
2006-03-08,276016
2006-03-09,272031
2006-03-10,267694
2006-03-11,262933
2006-03-12,258093
2006-03-13,253935
2006-03-14,250813
2006-03-15,247026
2006-03-16,246046
2006-03-17,246046
2006-03-18,246443
2006-03-19,246310
2006-03-20,246019
2006-03-21,245385
2006-03-22,244514
2006-03-23,244488
2006-03-24,245728
2006-03-25,247185
2006-03-26,248142
2006-03-27,249181
2006-03-28,249769
2006-03-29,251027
2006-03-30,250250
2006-03-31,251429
2006-04-01,252074
2006-04-02,252236
2006-04-03,254367
2006-04-04,253665
2006-04-05,251483
2006-04-06,248408
2006-04-07,247291
2006-04-08,247371
2006-04-09,247238
2006-04-10,246920
2006-04-11,250839
2006-04-12,265905
2006-04-13,269294
2006-04-14,267330
2006-04-15,264652
2006-04-16,262104
2006-04-17,258832
2006-04-18,255234
2006-04-19,251429
2006-04-20,247504
2006-04-21,245490
2006-04-22,245622
2006-04-23,245622
2006-04-24,245517
2006-04-25,245358
2006-04-26,245147
2006-04-27,245147
2006-04-28,245279
2006-04-29,245438
2006-04-30,245570
2006-05-01,245596
2006-05-02,245596
2006-05-03,245570
2006-05-04,245543
2006-05-05,245517
2006-05-06,245490
2006-05-07,245438
2006-05-08,245306
2006-05-09,245253
2006-05-10,245121
2006-05-11,244962
2006-05-12,244831
2006-05-13,244725
2006-05-14,244567
2006-05-15,244330
2006-05-16,244146
2006-05-17,243909
2006-05-18,243698
2006-05-19,243567
2006-05-20,243383
2006-05-21,243252
2006-05-22,243068
2006-05-23,242937
2006-05-24,242911
2006-05-25,242806
2006-05-26,242675
2006-05-27,242570
2006-05-28,242465
2006-05-29,242386
2006-05-30,242255
2006-05-31,242125
2006-06-01,241994
2006-06-02,241889
2006-06-03,241784
2006-06-04,241654
2006-06-05,241497
2006-06-06,241392
2006-06-07,241210
2006-06-08,241027
2006-06-09,240844
2006-06-10,240662
2006-06-11,240532
2006-06-12,240401
2006-06-13,240245
2006-06-14,240089
2006-06-15,239959
2006-06-16,239803
2006-06-17,239647
2006-06-18,239465
2006-06-19,239257
2006-06-20,239101
2006-06-21,238946
2006-06-22,238712
2006-06-23,238453
2006-06-24,238220
2006-06-25,237987
2006-06-26,237806
2006-06-27,237548
2006-06-28,237341
2006-06-29,237109
2006-06-30,236876
2006-07-01,236644
2006-07-02,236387
2006-07-03,236155
2006-07-04,235924
2006-07-05,235666
2006-07-06,235409
2006-07-07,235153
2006-07-08,234922
2006-07-09,234640
2006-07-10,234384
2006-07-11,234153
2006-07-12,233898
2006-07-13,233668
2006-07-14,233438
2006-07-15,233208
2006-07-16,233004
2006-07-17,232774
2006-07-18,232520
2006-07-19,232265
2006-07-20,232061
2006-07-21,231807
2006-07-22,231604
2006-07-23,231350
2006-07-24,231071
2006-07-25,230817
2006-07-26,230564
2006-07-27,230286
2006-07-28,230033
2006-07-29,229780
2006-07-30,229578
2006-07-31,229275
2006-08-01,228998
2006-08-02,228720
2006-08-03,228469
2006-08-04,228217
2006-08-05,227966
2006-08-06,227714
2006-08-07,227463
2006-08-08,227288
2006-08-09,227037
2006-08-10,226762
2006-08-11,226511
2006-08-12,226236
2006-08-13,225986
2006-08-14,225736
2006-08-15,225512
2006-08-16,225287
2006-08-17,225013
2006-08-18,224739
2006-08-19,224515
2006-08-20,224267
2006-08-21,224018
2006-08-22,223795
2006-08-23,223571
2006-08-24,223299
2006-08-25,223051
2006-08-26,222803
2006-08-27,222556
2006-08-28,222309
2006-08-29,222086
2006-08-30,221889
2006-08-31,221667
2006-09-01,221445
2006-09-02,221223
2006-09-03,221002
2006-09-04,220780
2006-09-05,220608
2006-09-06,220387
2006-09-07,220142
2006-09-08,219970
2006-09-09,219749
2006-09-10,219577
2006-09-11,219381
2006-09-12,219210
2006-09-13,219014
2006-09-14,218819
2006-09-15,218574
2006-09-16,218354
2006-09-17,218135
2006-09-18,217915
2006-09-19,217696
2006-09-20,217501
2006-09-21,217233
2006-09-22,216966
2006-09-23,216747
2006-09-24,216529
2006-09-25,216334
2006-09-26,216044
2006-09-27,215825
2006-09-28,215608
2006-09-29,215390
2006-09-30,215196
2006-10-01,215003
2006-10-02,214810
2006-10-03,214737
2006-10-04,214568
2006-10-05,214424
2006-10-06,214134
2006-10-07,213966
2006-10-08,213797
2006-10-09,213557
2006-10-10,213316
2006-10-11,213148
2006-10-12,212908
2006-10-13,212692
2006-10-14,212476
2006-10-15,212284
2006-10-16,212093
2006-10-17,211901
2006-10-18,211686
2006-10-19,211495
2006-10-20,211304
2006-10-21,211113
2006-10-22,210922
2006-10-23,210731
2006-10-24,210541
2006-10-25,210326
2006-10-26,210112
2006-10-27,209922
2006-10-28,209732
2006-10-29,209494
2006-10-30,209257
2006-10-31,209043
2006-11-01,208854
2006-11-02,208830
2006-11-03,208641
2006-11-04,208451
2006-11-05,208286
2006-11-06,208096
2006-11-07,207884
2006-11-08,207695
2006-11-09,207506
2006-11-10,207223
2006-11-11,207129
2006-11-12,206893
2006-11-13,206893
2006-11-14,206705
2006-11-15,206446
2006-11-16,206258
2006-11-17,206047
2006-11-18,205812
2006-11-19,205578
2006-11-20,205343
2006-11-21,205133
2006-11-22,204945
2006-11-23,204688
2006-11-24,204408
2006-11-25,204151
2006-11-26,204151
2006-11-27,204034
2006-11-28,203825
2006-11-29,203592
2006-11-30,203382
2006-12-01,203149
2006-12-02,202870
2006-12-03,202661
2006-12-04,202406
2006-12-05,202151
2006-12-06,201942
2006-12-07,201688
2006-12-08,201641
2006-12-09,201989
2006-12-10,202267
2006-12-11,202754
2006-12-12,203405
2006-12-13,203475
2006-12-14,203498
2006-12-15,203545
2006-12-16,203429
2006-12-17,203312
2006-12-18,203149
2006-12-19,202963
2006-12-20,202754
2006-12-21,203498
2006-12-22,203731
2006-12-23,203708
2006-12-24,203638
2006-12-25,203498
2006-12-26,207931
2006-12-27,210302
2006-12-28,210779
2006-12-29,210970
2006-12-30,211041
2006-12-31,211017
2007-01-01,210994
2007-01-02,210946
2007-01-03,210994
2007-01-04,211065
2007-01-05,211041
2007-01-06,210994
2007-01-07,210946
2007-01-08,210874
2007-01-09,210827
2007-01-10,210731
2007-01-11,210660
2007-01-12,210541
2007-01-13,210445
2007-01-14,210374
2007-01-15,210255
2007-01-16,210136
2007-01-17,210041
2007-01-18,209946
2007-01-19,209827
2007-01-20,209708
2007-01-21,209613
2007-01-22,209470
2007-01-23,209352
2007-01-24,209233
2007-01-25,209091
2007-01-26,208972
2007-01-27,208901
2007-01-28,208783
2007-01-29,208664
2007-01-30,208522
2007-01-31,208404
2007-02-01,208262
2007-02-02,208167
2007-02-03,208049
2007-02-04,207908
2007-02-05,207742
2007-02-06,207648
2007-02-07,207719
2007-02-08,209589
2007-02-09,214327
2007-02-10,224441
2007-02-11,228016
2007-02-12,230488
2007-02-13,232061
2007-02-14,232953
2007-02-15,233591
2007-02-16,234000
2007-02-17,234307
2007-02-18,234537
2007-02-19,234691
2007-02-20,234819
2007-02-21,235332
2007-02-22,237393
2007-02-23,238168
2007-02-24,239621
2007-02-25,241941
2007-02-26,244304
2007-02-27,246708
2007-02-28,247610
2007-03-01,246973
2007-03-02,246602
2007-03-03,246390
2007-03-04,246072
2007-03-05,245622
2007-03-06,245438
2007-03-07,245517
2007-03-08,245570
2007-03-09,245596
2007-03-10,245622
2007-03-11,245543
2007-03-12,245464
2007-03-13,245411
2007-03-14,245411
2007-03-15,245438
2007-03-16,245438
2007-03-17,245438
2007-03-18,245411
2007-03-19,245358
2007-03-20,245385
2007-03-21,245332
2007-03-22,245253
2007-03-23,245147
2007-03-24,244989
2007-03-25,244857
2007-03-26,244883
2007-03-27,244778
2007-03-28,244699
2007-03-29,244514
2007-03-30,244435
2007-03-31,244356
2007-04-01,244277
2007-04-02,244172
2007-04-03,244040
2007-04-04,243935
2007-04-05,243804
2007-04-06,243725
2007-04-07,243593
2007-04-08,243514
2007-04-09,243409
2007-04-10,243278
2007-04-11,243226
2007-04-12,243094
2007-04-13,242963
2007-04-14,242911
2007-04-15,242780
2007-04-16,242648
2007-04-17,242465
2007-04-18,242334
2007-04-19,242255
2007-04-20,242177
2007-04-21,242439
2007-04-22,242648
2007-04-23,242596
2007-04-24,242465
2007-04-25,242386
2007-04-26,242255
2007-04-27,242125
2007-04-28,241968
2007-04-29,241863
2007-04-30,241732
2007-05-01,241601
2007-05-02,241497
2007-05-03,241392
2007-05-04,241340
2007-05-05,241184
2007-05-06,241053
2007-05-07,240923
2007-05-08,240740
2007-05-09,240558
2007-05-10,240427
2007-05-11,240271
2007-05-12,240115
2007-05-13,239959
2007-05-14,239751
2007-05-15,239595
2007-05-16,239439
2007-05-17,239257
2007-05-18,239101
2007-05-19,238920
2007-05-20,238738
2007-05-21,238557
2007-05-22,238401
2007-05-23,238194
2007-05-24,238013
2007-05-25,237806
2007-05-26,237599
2007-05-27,237444
2007-05-28,237238
2007-05-29,237083
2007-05-30,236902
2007-05-31,236696
2007-06-01,236516
2007-06-02,236258
2007-06-03,236078
2007-06-04,235898
2007-06-05,235692
2007-06-06,235487
2007-06-07,235281
2007-06-08,235076
2007-06-09,234896
2007-06-10,234666
2007-06-11,234461
2007-06-12,234230
2007-06-13,233974
2007-06-14,233719
2007-06-15,233412
2007-06-16,233157
2007-06-17,232876
2007-06-18,232571
2007-06-19,232290
2007-06-20,232036
2007-06-21,231782
2007-06-22,231452
2007-06-23,231147
2007-06-24,230817
2007-06-25,230564
2007-06-26,230235
2007-06-27,229957
2007-06-28,229628
2007-06-29,229351
2007-06-30,229073
2007-07-01,228746
2007-07-02,228443
2007-07-03,228116
2007-07-04,227840
2007-07-05,227539
2007-07-06,227213
2007-07-07,226912
2007-07-08,226611
2007-07-09,226336
2007-07-10,226086
2007-07-11,225811
2007-07-12,225587
2007-07-13,225337
2007-07-14,225113
2007-07-15,224914
2007-07-16,224640
2007-07-17,224391
2007-07-18,224192
2007-07-19,223944
2007-07-20,223720
2007-07-21,223472
2007-07-22,223249
2007-07-23,223001
2007-07-24,222754
2007-07-25,222507
2007-07-26,222259
2007-07-27,222037
2007-07-28,221790
2007-07-29,221544
2007-07-30,221297
2007-07-31,221076
2007-08-01,220854
2007-08-02,220608
2007-08-03,220387
2007-08-04,220166
2007-08-05,219896
2007-08-06,219651
2007-08-07,219406
2007-08-08,219161
2007-08-09,218941
2007-08-10,218721
2007-08-11,218477
2007-08-12,218281
2007-08-13,218013
2007-08-14,217793
2007-08-15,217550
2007-08-16,217282
2007-08-17,217039
2007-08-18,216771
2007-08-19,216504
2007-08-20,216310
2007-08-21,216092
2007-08-22,215850
2007-08-23,215535
2007-08-24,215269
2007-08-25,215003
2007-08-26,214737
2007-08-27,214496
2007-08-28,214279
2007-08-29,214038
2007-08-30,213773
2007-08-31,213436
2007-09-01,213196
2007-09-02,212932
2007-09-03,212668
2007-09-04,212356
2007-09-05,212141
2007-09-06,211830
2007-09-07,211590
2007-09-08,211352
2007-09-09,211113
2007-09-10,210898
2007-09-11,210660
2007-09-12,210445
2007-09-13,210231
2007-09-14,210017
2007-09-15,209779
2007-09-16,209565
2007-09-17,209352
2007-09-18,209114
2007-09-19,208854
2007-09-20,208641
2007-09-21,208380
2007-09-22,208167
2007-09-23,207955
2007-09-24,207766
2007-09-25,207577
2007-09-26,207388
2007-09-27,207153
2007-09-28,206917
2007-09-29,206705
2007-09-30,206446
2007-10-01,206235
2007-10-02,206047
2007-10-03,205765
2007-10-04,205507
2007-10-05,205273
2007-10-06,205086
2007-10-07,204852
2007-10-08,204618
2007-10-09,204548
2007-10-10,204385
2007-10-11,204151
2007-10-12,204128
2007-10-13,203918
2007-10-14,203708
2007-10-15,203545
2007-10-16,203382
2007-10-17,203242
2007-10-18,203056
2007-10-19,202917
2007-10-20,202778
2007-10-21,202638
2007-10-22,202406
2007-10-23,202221
2007-10-24,202035
2007-10-25,201804
2007-10-26,201618
2007-10-27,201410
2007-10-28,201225
2007-10-29,201040
2007-10-30,200833
2007-10-31,200648
2007-11-01,200464
2007-11-02,200210
2007-11-03,199980
2007-11-04,199750
2007-11-05,199451
2007-11-06,199222
2007-11-07,198969
2007-11-08,198717
2007-11-09,198488
2007-11-10,198419
2007-11-11,198168
2007-11-12,197939
2007-11-13,197710
2007-11-14,197459
2007-11-15,197208
2007-11-16,197003
2007-11-17,196776
2007-11-18,196548
2007-11-19,196343
2007-11-20,196162
2007-11-21,195912
2007-11-22,195685
2007-11-23,195436
2007-11-24,195164
2007-11-25,194960
2007-11-26,194734
2007-11-27,194508
2007-11-28,194260
2007-11-29,194034
2007-11-30,193741
2007-12-01,193493
2007-12-02,193358
2007-12-03,193403
2007-12-04,193651
2007-12-05,193516
2007-12-06,193516
2007-12-07,193583
2007-12-08,193448
2007-12-09,193223
2007-12-10,193044
2007-12-11,192841
2007-12-12,192527
2007-12-13,192370
2007-12-14,192146
2007-12-15,191922
2007-12-16,191788
2007-12-17,191676
2007-12-18,193268
2007-12-19,193966
2007-12-20,195209
2007-12-21,195300
2007-12-22,195232
2007-12-23,195096
2007-12-24,194960
2007-12-25,194802
2007-12-26,194598
2007-12-27,194463
2007-12-28,194373
2007-12-29,194327
2007-12-30,194237
2007-12-31,194102
2008-01-01,193966
2008-01-02,193831
2008-01-03,195504
2008-01-04,212213
2008-01-05,215245
2008-01-06,216771
2008-01-07,217745
2008-01-08,219921
2008-01-09,221371
2008-01-10,222878
2008-01-11,223795
2008-01-12,224490
2008-01-13,224963
2008-01-14,225362
2008-01-15,225562
2008-01-16,225786
2008-01-17,225936
2008-01-18,226011
2008-01-19,226061
2008-01-20,226086
2008-01-21,226236
2008-01-22,226311
2008-01-23,226311
2008-01-24,226386
2008-01-25,232138
2008-01-26,243514
2008-01-27,248089
2008-01-28,250223
2008-01-29,249368
2008-01-30,247105
2008-01-31,249128
2008-02-01,251725
2008-02-02,255262
2008-02-03,259736
2008-02-04,260176
2008-02-05,257902
2008-02-06,255180
2008-02-07,252128
2008-02-08,249769
2008-02-09,248195
2008-02-10,246602
2008-02-11,245622
2008-02-12,245570
2008-02-13,245622
2008-02-14,245675
2008-02-15,245649
2008-02-16,245649
2008-02-17,245596
2008-02-18,245517
2008-02-19,245517
2008-02-20,245464
2008-02-21,245543
2008-02-22,245570
2008-02-23,246284
2008-02-24,253422
2008-02-25,255886
2008-02-26,257192
2008-02-27,256593
2008-02-28,253881
2008-02-29,251671
2008-03-01,250304
2008-03-02,248834
2008-03-03,247769
2008-03-04,247557
2008-03-05,247610
2008-03-06,247637
2008-03-07,247663
2008-03-08,247690
2008-03-09,247610
2008-03-10,247557
2008-03-11,247504
2008-03-12,247398
2008-03-13,247344
2008-03-14,247265
2008-03-15,247212
2008-03-16,247132
2008-03-17,246973
2008-03-18,246814
2008-03-19,246655
2008-03-20,246522
2008-03-21,246363
2008-03-22,246204
2008-03-23,246019
2008-03-24,245808
2008-03-25,245622
2008-03-26,245438
2008-03-27,245279
2008-03-28,245094
2008-03-29,244910
2008-03-30,244725
2008-03-31,244514
2008-04-01,244304
2008-04-02,244093
2008-04-03,243909
2008-04-04,243725
2008-04-05,243541
2008-04-06,243357
2008-04-07,243199
2008-04-08,243016
2008-04-09,242832
2008-04-10,242701
2008-04-11,242544
2008-04-12,242386
2008-04-13,242229
2008-04-14,242046
2008-04-15,241837
2008-04-16,241680
2008-04-17,241471
2008-04-18,241340
2008-04-19,241105
2008-04-20,240949
2008-04-21,240766
2008-04-22,240662
2008-04-23,240479
2008-04-24,240401
2008-04-25,240271
2008-04-26,240089
2008-04-27,239907
2008-04-28,239751
2008-04-29,239543
2008-04-30,239387
2008-05-01,239205
2008-05-02,238972
2008-05-03,238816
2008-05-04,238583
2008-05-05,238427
2008-05-06,238246
2008-05-07,238116
2008-05-08,237987
2008-05-09,237806
2008-05-10,237651
2008-05-11,237470
2008-05-12,237315
2008-05-13,237160
2008-05-14,236980
2008-05-15,236825
2008-05-16,236670
2008-05-17,236516
2008-05-18,236284
2008-05-19,236078
2008-05-20,235975
2008-05-21,235744
2008-05-22,235538
2008-05-23,235307
2008-05-24,235153
2008-05-25,234973
2008-05-26,234794
2008-05-27,234640
2008-05-28,234461
2008-05-29,234281
2008-05-30,234102
2008-05-31,233949
2008-06-01,233795
2008-06-02,233616
2008-06-03,233412
2008-06-04,233208
2008-06-05,233029
2008-06-06,232774
2008-06-07,232596
2008-06-08,232392
2008-06-09,232189
2008-06-10,231960
2008-06-11,231731
2008-06-12,231452
2008-06-13,231096
2008-06-14,230792
2008-06-15,230513
2008-06-16,230210
2008-06-17,229982
2008-06-18,229704
2008-06-19,229452
2008-06-20,229199
2008-06-21,228922
2008-06-22,228569
2008-06-23,228167
2008-06-24,227890
2008-06-25,227564
2008-06-26,227338
2008-06-27,227037
2008-06-28,226736
2008-06-29,226436
2008-06-30,226161
2008-07-01,225861
2008-07-02,225587
2008-07-03,225287
2008-07-04,225013
2008-07-05,224714
2008-07-06,224416
2008-07-07,224167
2008-07-08,223869
2008-07-09,223571
2008-07-10,223274
2008-07-11,222977
2008-07-12,222680
2008-07-13,222383
2008-07-14,222062
2008-07-15,221741
2008-07-16,220903
2008-07-17,220510
2008-07-18,220903
2008-07-19,220633
2008-07-20,220362
2008-07-21,220166
2008-07-22,219872
2008-07-23,219528
2008-07-24,219332
2008-07-25,219039
2008-07-26,218770
2008-07-27,218428
2008-07-28,218184
2008-07-29,217940
2008-07-30,217647
2008-07-31,217404
2008-08-01,217136
2008-08-02,216869
2008-08-03,216577
2008-08-04,216286
2008-08-05,215995
2008-08-06,215656
2008-08-07,NA
2008-08-08,NA
2008-08-09,NA
2008-08-10,214617
2008-08-11,214303
2008-08-12,214038
2008-08-13,213749
2008-08-14,213460
2008-08-15,213172
2008-08-16,212884
2008-08-17,212596
2008-08-18,212308
2008-08-19,212069
2008-08-20,211830
2008-08-21,211567
2008-08-22,211304
2008-08-23,211041
2008-08-24,210803
2008-08-25,210517
2008-08-26,210255
2008-08-27,209993
2008-08-28,209708
2008-08-29,209423
2008-08-30,209162
2008-08-31,208806
2008-09-01,208522
2008-09-02,208262
2008-09-03,207978
2008-09-04,207719
2008-09-05,207506
2008-09-06,207247
2008-09-07,206964
2008-09-08,206705
2008-09-09,206423
2008-09-10,206211
2008-09-11,205930
2008-09-12,205718
2008-09-13,205484
2008-09-14,205250
2008-09-15,204992
2008-09-16,204805
2008-09-17,204548
2008-09-18,204314
2008-09-19,204011
2008-09-20,203778
2008-09-21,203568
2008-09-22,203452
2008-09-23,203382
2008-09-24,203289
2008-09-25,203033
2008-09-26,202801
2008-09-27,202569
2008-09-28,202337
2008-09-29,202081
2008-09-30,201896
2008-10-01,201641
2008-10-02,201433
2008-10-03,201387
2008-10-04,201179
2008-10-05,200948
2008-10-06,200763
2008-10-07,200533
2008-10-08,200325
2008-10-09,200049
2008-10-10,199796
2008-10-11,199566
2008-10-12,199359
2008-10-13,199084
2008-10-14,198900
2008-10-15,198694
2008-10-16,198442
2008-10-17,198236
2008-10-18,197985
2008-10-19,197779
2008-10-20,197596
2008-10-21,197391
2008-10-22,197140
2008-10-23,196890
2008-10-24,196639
2008-10-25,196389
2008-10-26,196116
2008-10-27,195866
2008-10-28,195640
2008-10-29,195390
2008-10-30,195096
2008-10-31,195119
2008-11-01,195526
2008-11-02,195458
2008-11-03,195277
2008-11-04,195232
2008-11-05,195028
2008-11-06,194824
2008-11-07,194621
2008-11-08,194486
2008-11-09,194237
2008-11-10,194012
2008-11-11,193786
2008-11-12,193583
2008-11-13,193336
2008-11-14,193134
2008-11-15,192886
2008-11-16,192684
2008-11-17,192460
2008-11-18,192213
2008-11-19,191989
2008-11-20,191810
2008-11-21,191542
2008-11-22,191296
2008-11-23,191073
2008-11-24,190850
2008-11-25,190627
2008-11-26,190382
2008-11-27,190181
2008-11-28,189959
2008-11-29,189737
2008-11-30,189515
2008-12-01,189293
2008-12-02,189049
2008-12-03,188850
2008-12-04,188606
2008-12-05,188385
2008-12-06,188142
2008-12-07,187899
2008-12-08,187700
2008-12-09,187458
2008-12-10,187238
2008-12-11,186996
2008-12-12,186842
2008-12-13,186512
2008-12-14,186358
2008-12-15,186249
2008-12-16,186029
2008-12-17,185788
2008-12-18,185657
2008-12-19,185547
2008-12-20,185351
2008-12-21,185351
2008-12-22,185329
2008-12-23,185198
2008-12-24,185942
2008-12-25,186930
2008-12-26,186974
2008-12-27,186886
2008-12-28,186820
2008-12-29,186732
2008-12-30,186600
2008-12-31,186446
2009-01-01,186293
2009-01-02,186227
2009-01-03,186073
2009-01-04,185898
2009-01-05,185766
2009-01-06,185613
2009-01-07,185460
2009-01-08,185307
2009-01-09,185132
2009-01-10,184935
2009-01-11,184739
2009-01-12,184521
2009-01-13,184303
2009-01-14,184085
2009-01-15,183889
2009-01-16,183672
2009-01-17,183476
2009-01-18,183259
2009-01-19,183042
2009-01-20,182869
2009-01-21,182739
2009-01-22,182566
2009-01-23,182414
2009-01-24,182284
2009-01-25,182111
2009-01-26,181917
2009-01-27,181766
2009-01-28,181636
2009-01-29,181442
2009-01-30,181270
2009-01-31,181141
2009-02-01,180969
2009-02-02,180775
2009-02-03,180581
2009-02-04,180410
2009-02-05,180388
2009-02-06,180581
2009-02-07,180496
2009-02-08,180410
2009-02-09,180324
2009-02-10,180302
2009-02-11,180388
2009-02-12,180474
2009-02-13,181033
2009-02-14,181529
2009-02-15,185001
2009-02-16,189182
2009-02-17,193178
2009-02-18,194486
2009-02-19,195141
2009-02-20,195504
2009-02-21,195753
2009-02-22,199796
2009-02-23,205765
2009-02-24,208428
2009-02-25,209850
2009-02-26,211065
2009-02-27,211758
2009-02-28,212284
2009-03-01,214110
2009-03-02,218306
2009-03-03,221914
2009-03-04,224018
2009-03-05,225212
2009-03-06,226061
2009-03-07,226636
2009-03-08,227112
2009-03-09,227388
2009-03-10,227639
2009-03-11,227840
2009-03-12,227991
2009-03-13,228091
2009-03-14,228167
2009-03-15,228293
2009-03-16,228519
2009-03-17,228670
2009-03-18,228771
2009-03-19,228821
2009-03-20,228872
2009-03-21,228922
2009-03-22,229023
2009-03-23,229098
2009-03-24,229098
2009-03-25,229124
2009-03-26,229098
2009-03-27,229098
2009-03-28,229023
2009-03-29,228998
2009-03-30,228947
2009-03-31,228897
2009-04-01,228796
2009-04-02,228695
2009-04-03,228620
2009-04-04,228544
2009-04-05,228443
2009-04-06,228368
2009-04-07,228293
2009-04-08,228192
2009-04-09,228217
2009-04-10,228167
2009-04-11,228066
2009-04-12,227966
2009-04-13,227890
2009-04-14,227689
2009-04-15,227564
2009-04-16,227488
2009-04-17,227313
2009-04-18,227213
2009-04-19,227112
2009-04-20,227012
2009-04-21,226887
2009-04-22,226711
2009-04-23,226561
2009-04-24,226436
2009-04-25,226286
2009-04-26,226111
2009-04-27,225961
2009-04-28,225786
2009-04-29,225637
2009-04-30,225487
2009-05-01,225512
2009-05-02,225537
2009-05-03,225736
2009-05-04,226236
2009-05-05,227238
2009-05-06,227488
2009-05-07,227589
2009-05-08,227589
2009-05-09,227564
2009-05-10,227514
2009-05-11,227438
2009-05-12,227338
2009-05-13,227213
2009-05-14,227087
2009-05-15,226962
2009-05-16,226862
2009-05-17,226762
2009-05-18,226586
2009-05-19,226486
2009-05-20,226311
2009-05-21,226161
2009-05-22,225986
2009-05-23,225836
2009-05-24,225686
2009-05-25,225512
2009-05-26,225387
2009-05-27,225138
2009-05-28,224963
2009-05-29,224789
2009-05-30,224590
2009-05-31,224391
2009-06-01,224217
2009-06-02,224043
2009-06-03,223820
2009-06-04,223671
2009-06-05,223472
2009-06-06,223299
2009-06-07,223076
2009-06-08,222828
2009-06-09,222630
2009-06-10,222432
2009-06-11,222235
2009-06-12,222037
2009-06-13,221815
2009-06-14,221593
2009-06-15,221371
2009-06-16,221174
2009-06-17,220977
2009-06-18,220805
2009-06-19,220559
2009-06-20,220313
2009-06-21,220092
2009-06-22,219872
2009-06-23,219626
2009-06-24,219381
2009-06-25,219137
2009-06-26,218892
2009-06-27,218696
2009-06-28,218452
2009-06-29,218184
2009-06-30,217964
2009-07-01,217720
2009-07-02,217477
2009-07-03,217209
2009-07-04,216966
2009-07-05,216723
2009-07-06,216504
2009-07-07,216237
2009-07-08,215947
2009-07-09,215704
2009-07-10,215486
2009-07-11,215245
2009-07-12,215027
2009-07-13,214810
2009-07-14,214568
2009-07-15,214303
2009-07-16,214038
2009-07-17,213797
2009-07-18,213557
2009-07-19,213268
2009-07-20,212980
2009-07-21,212740
2009-07-22,212452
2009-07-23,212189
2009-07-24,211925
2009-07-25,211662
2009-07-26,211399
2009-07-27,211113
2009-07-28,210850
2009-07-29,210588
2009-07-30,210374
2009-07-31,210136
2009-08-01,209898
2009-08-02,209684
2009-08-03,209470
2009-08-04,209281
2009-08-05,209020
2009-08-06,208806
2009-08-07,208617
2009-08-08,208404
2009-08-09,208191
2009-08-10,207955
2009-08-11,207719
2009-08-12,207530
2009-08-13,207294
2009-08-14,207035
2009-08-15,206799
2009-08-16,206564
2009-08-17,206305
2009-08-18,206071
2009-08-19,205789
2009-08-20,205531
2009-08-21,205297
2009-08-22,205039
2009-08-23,204782
2009-08-24,204548
2009-08-25,204314
2009-08-26,204081
2009-08-27,203894
2009-08-28,203638
2009-08-29,203405
2009-08-30,203103
2009-08-31,202870
2009-09-01,202661
2009-09-02,202452
2009-09-03,202221
2009-09-04,201919
2009-09-05,201688
2009-09-06,201433
2009-09-07,201202
2009-09-08,200925
2009-09-09,200694
2009-09-10,200487
2009-09-11,200233
2009-09-12,199957
2009-09-13,199773
2009-09-14,199543
2009-09-15,199405
2009-09-16,198946
2009-09-17,198740
2009-09-18,198511
2009-09-19,198305
2009-09-20,198099
2009-09-21,197893
2009-09-22,197756
2009-09-23,197528
2009-09-24,197254
2009-09-25,197049
2009-09-26,196821
2009-09-27,196548
2009-09-28,196412
2009-09-29,196139
2009-09-30,195912
2009-10-01,195662
2009-10-02,195413
2009-10-03,195096
2009-10-04,194847
2009-10-05,194666
2009-10-06,194440
2009-10-07,194169
2009-10-08,193944
2009-10-09,193696
2009-10-10,193471
2009-10-11,193246
2009-10-12,193066
2009-10-13,193741
2009-10-14,193741
2009-10-15,193628
2009-10-16,193336
2009-10-17,193156
2009-10-18,192976
2009-10-19,192976
2009-10-20,192841
2009-10-21,192527
2009-10-22,192415
2009-10-23,192325
2009-10-24,192236
2009-10-25,192146
2009-10-26,192056
2009-10-27,191945
2009-10-28,191855
2009-10-29,191743
2009-10-30,191654
2009-10-31,191564
2009-11-01,191475
2009-11-02,191408
2009-11-03,191296
2009-11-04,191184
2009-11-05,189515
2009-11-06,189448
2009-11-07,189359
2009-11-08,189271
2009-11-09,189160
2009-11-10,189071
2009-11-11,188982
2009-11-12,188872
2009-11-13,187722
2009-11-14,187502
2009-11-15,187304
2009-11-16,187074
2009-11-17,186886
2009-11-18,186534
2009-11-19,186380
2009-11-20,186380
2009-11-21,186205
2009-11-22,186073
2009-11-23,185876
2009-11-24,185657
2009-11-25,185460
2009-11-26,185263
2009-11-27,185066
2009-11-28,184870
2009-11-29,184543
2009-11-30,184390
2009-12-01,184172
2009-12-02,183933
2009-12-03,183715
2009-12-04,183520
2009-12-05,183324
2009-12-06,183086
2009-12-07,182891
2009-12-08,182652
2009-12-09,182414
2009-12-10,182198
2009-12-11,182068
2009-12-12,182306
2009-12-13,182436
2009-12-14,182349
2009-12-15,182349
2009-12-16,183411
2009-12-17,183455
2009-12-18,183411
2009-12-19,183303
2009-12-20,183194
2009-12-21,183259
2009-12-22,183151
2009-12-23,182977
2009-12-24,182847
2009-12-25,182717
2009-12-26,182587
2009-12-27,182479
2009-12-28,182371
2009-12-29,182284
2009-12-30,182198
2009-12-31,182111
2010-01-01,182631
2010-01-02,182891
2010-01-03,182934
2010-01-04,182934
2010-01-05,182891
2010-01-06,182847
2010-01-07,182761
2010-01-08,182631
2010-01-09,182566
2010-01-10,182457
2010-01-11,182414
2010-01-12,184390
2010-01-13,186051
2010-01-14,186468
2010-01-15,186710
2010-01-16,186886
2010-01-17,187722
2010-01-18,195186
2010-01-19,203988
2010-01-20,217258
2010-01-21,224889
2010-01-22,228242
2010-01-23,230286
2010-01-24,232189
2010-01-25,243804
2010-01-26,249688
2010-01-27,250571
2010-01-28,248355
2010-01-29,247026
2010-01-30,246496
2010-01-31,245675
2010-02-01,245543
2010-02-02,245781
2010-02-03,245940
2010-02-04,248541
2010-02-05,249528
2010-02-06,248701
2010-02-07,246999
2010-02-08,246390
2010-02-09,246469
2010-02-10,246284
2010-02-11,246098
2010-02-12,246204
2010-02-13,246469
2010-02-14,246602
2010-02-15,246708
2010-02-16,246787
2010-02-17,246787
2010-02-18,246761
2010-02-19,246708
2010-02-20,246602
2010-02-21,246469
2010-02-22,246284
2010-02-23,247079
2010-02-24,247956
2010-02-25,248222
2010-02-26,250786
2010-02-27,252370
2010-02-28,253179
2010-03-01,252074
2010-03-02,250464
2010-03-03,249715
2010-03-04,247823
2010-03-05,247318
2010-03-06,248035
2010-03-07,248515
2010-03-08,248834
2010-03-09,249181
2010-03-10,249368
2010-03-11,249448
2010-03-12,251242
2010-03-13,252101
2010-03-14,252613
2010-03-15,252343
2010-03-16,251134
2010-03-17,249822
2010-03-18,248648
2010-03-19,248142
2010-03-20,248142
2010-03-21,248142
2010-03-22,248142
2010-03-23,248009
2010-03-24,247982
2010-03-25,247982
2010-03-26,247902
2010-03-27,247769
2010-03-28,247610
2010-03-29,247716
2010-03-30,247902
2010-03-31,248728
2010-04-01,249208
2010-04-02,250143
2010-04-03,250759
2010-04-04,253152
2010-04-05,254828
2010-04-06,253935
2010-04-07,251429
2010-04-08,249395
2010-04-09,248941
2010-04-10,249288
2010-04-11,253071
2010-04-12,259434
2010-04-13,261276
2010-04-14,259901
2010-04-15,257520
2010-04-16,255262
2010-04-17,253287
2010-04-18,251161
2010-04-19,249341
2010-04-20,248994
2010-04-21,249101
2010-04-22,249208
2010-04-23,249261
2010-04-24,249261
2010-04-25,249261
2010-04-26,249154
2010-04-27,249902
2010-04-28,250250
2010-04-29,250411
2010-04-30,250518
2010-05-01,250545
2010-05-02,250518
2010-05-03,250464
2010-05-04,250357
2010-05-05,250223
2010-05-06,250063
2010-05-07,249902
2010-05-08,249742
2010-05-09,249555
2010-05-10,249528
2010-05-11,249341
2010-05-12,249154
2010-05-13,248914
2010-05-14,248674
2010-05-15,248461
2010-05-16,248275
2010-05-17,248089
2010-05-18,247902
2010-05-19,247690
2010-05-20,247451
2010-05-21,247158
2010-05-22,246920
2010-05-23,246602
2010-05-24,246310
2010-05-25,246204
2010-05-26,246019
2010-05-27,246072
2010-05-28,245860
2010-05-29,245675
2010-05-30,245385
2010-05-31,245121
2010-06-01,244857
2010-06-02,244567
2010-06-03,244356
2010-06-04,244225
2010-06-05,244040
2010-06-06,243856
2010-06-07,243725
2010-06-08,243514
2010-06-09,243436
2010-06-10,243278
2010-06-11,243094
2010-06-12,242963
2010-06-13,242780
2010-06-14,242648
2010-06-15,242491
2010-06-16,242282
2010-06-17,242125
2010-06-18,241863
2010-06-19,241680
2010-06-20,241523
2010-06-21,241340
2010-06-22,241131
2010-06-23,240975
2010-06-24,240766
2010-06-25,240610
2010-06-26,240453
2010-06-27,240297
2010-06-28,240089
2010-06-29,239855
2010-06-30,239621
2010-07-01,239387
2010-07-02,239205
2010-07-03,238946
2010-07-04,238686
2010-07-05,238453
2010-07-06,238246
2010-07-07,238039
2010-07-08,237806
2010-07-09,237573
2010-07-10,237367
2010-07-11,237134
2010-07-12,236928
2010-07-13,236696
2010-07-14,236490
2010-07-15,236258
2010-07-16,236026
2010-07-17,235795
2010-07-18,235589
2010-07-19,235332
2010-07-20,235101
2010-07-21,234845
2010-07-22,234614
2010-07-23,234384
2010-07-24,234128
2010-07-25,233898
2010-07-26,233642
2010-07-27,233412
2010-07-28,233157
2010-07-29,232927
2010-07-30,232672
2010-07-31,232469
2010-08-01,232214
2010-08-02,231960
2010-08-03,231731
2010-08-04,231502
2010-08-05,231249
2010-08-06,231020
2010-08-07,230792
2010-08-08,230513
2010-08-09,230286
2010-08-10,230058
2010-08-11,229805
2010-08-12,229578
2010-08-13,229351
2010-08-14,229098
2010-08-15,228872
2010-08-16,228620
2010-08-17,228393
2010-08-18,228142
2010-08-19,227890
2010-08-20,227689
2010-08-21,227463
2010-08-22,227238
2010-08-23,227037
2010-08-24,226837
2010-08-25,226561
2010-08-26,226361
2010-08-27,226161
2010-08-28,225861
2010-08-29,225662
2010-08-30,225412
2010-08-31,225212
2010-09-01,224988
2010-09-02,224764
2010-09-03,224540
2010-09-04,224366
2010-09-05,224142
2010-09-06,223919
2010-09-07,223621
2010-09-08,223398
2010-09-09,223175
2010-09-10,222952
2010-09-11,222729
2010-09-12,222482
2010-09-13,222259
2010-09-14,222037
2010-09-15,221840
2010-09-16,221642
2010-09-17,221420
2010-09-18,221199
2010-09-19,221026
2010-09-20,220830
2010-09-21,220633
2010-09-22,220412
2010-09-23,220191
2010-09-24,219945
2010-09-25,219749
2010-09-26,219528
2010-09-27,219357
2010-09-28,219137
2010-09-29,218892
2010-09-30,218599
2010-10-01,218379
2010-10-02,218159
2010-10-03,217940
2010-10-04,217696
2010-10-05,217452
2010-10-06,217185
2010-10-07,216966
2010-10-08,216747
2010-10-09,216553
2010-10-10,216359
2010-10-11,216140
2010-10-12,215874
2010-10-13,215656
2010-10-14,215438
2010-10-15,215172
2010-10-16,214955
2010-10-17,214737
2010-10-18,214520
2010-10-19,214327
2010-10-20,214086
2010-10-21,213869
2010-10-22,213653
2010-10-23,214014
2010-10-24,215825
2010-10-25,215850
2010-10-26,215704
2010-10-27,215535
2010-10-28,215511
2010-10-29,216553
2010-10-30,216553
2010-10-31,216480
2010-11-01,216334
2010-11-02,216165
2010-11-03,215971
2010-11-04,215801
2010-11-05,215583
2010-11-06,215341
2010-11-07,215995
2010-11-08,215947
2010-11-09,215898
2010-11-10,215753
2010-11-11,215583
2010-11-12,215390
2010-11-13,215196
2010-11-14,215051
2010-11-15,214834
2010-11-16,214641
2010-11-17,214400
2010-11-18,214182
2010-11-19,214014
2010-11-20,214207
2010-11-21,214375
2010-11-22,214424
2010-11-23,214737
2010-11-24,214810
2010-11-25,214737
2010-11-26,214641
2010-11-27,214906
2010-11-28,214882
2010-11-29,214786
2010-11-30,214689
2010-12-01,214592
2010-12-02,214592
2010-12-03,214761
2010-12-04,214810
2010-12-05,216019
2010-12-06,219259
2010-12-07,220068
2010-12-08,221150
2010-12-09,221815
2010-12-10,222284
2010-12-11,222581
2010-12-12,222803
2010-12-13,222902
2010-12-14,223646
2010-12-15,223968
2010-12-16,224192
2010-12-17,224889
2010-12-18,226561
2010-12-19,230210
2010-12-20,233923
2010-12-21,236980
2010-12-22,242517
2010-12-23,244382
2010-12-24,245438
2010-12-25,247318
2010-12-26,248968
2010-12-27,249421
2010-12-28,252882
2010-12-29,257683
2010-12-30,259160
2010-12-31,258749
2011-01-01,258448
2011-01-02,257929
2011-01-03,255940
2011-01-04,253044
2011-01-05,250036
2011-01-06,247716
2011-01-07,247344
2011-01-08,247583
2011-01-09,247743
2011-01-10,247796
2011-01-11,247876
2011-01-12,247902
2011-01-13,248222
2011-01-14,248355
2011-01-15,248435
2011-01-16,248461
2011-01-17,248488
2011-01-18,248461
2011-01-19,247716
2011-01-20,246443
2011-01-21,246390
2011-01-22,246337
2011-01-23,246204
2011-01-24,246125
2011-01-25,246019
2011-01-26,245860
2011-01-27,245755
2011-01-28,245596
2011-01-29,245543
2011-01-30,245702
2011-01-31,245622
2011-02-01,245517
2011-02-02,245358
2011-02-03,245200
2011-02-04,245121
2011-02-05,244962
2011-02-06,244831
2011-02-07,244672
2011-02-08,244488
2011-02-09,244304
2011-02-10,244119
2011-02-11,243909
2011-02-12,243725
2011-02-13,243541
2011-02-14,243830
2011-02-15,247796
2011-02-16,251134
2011-02-17,254097
2011-02-18,256158
2011-02-19,257438
2011-02-20,258230
2011-02-21,258804
2011-02-22,259215
2011-02-23,258093
2011-02-24,254936
2011-02-25,253152
2011-02-26,251967
2011-02-27,250625
2011-02-28,249341
2011-03-01,248089
2011-03-02,248168
2011-03-03,247530
2011-03-04,247451
2011-03-05,248089
2011-03-06,249208
2011-03-07,249876
2011-03-08,249368
2011-03-09,247344
2011-03-10,246946
2011-03-11,247344
2011-03-12,247637
2011-03-13,248621
2011-03-14,249582
2011-03-15,251994
2011-03-16,252667
2011-03-17,252101
2011-03-18,252774
2011-03-19,254476
2011-03-20,262518
2011-03-21,266073
2011-03-22,265404
2011-03-23,265320
2011-03-24,272882
2011-03-25,278396
2011-03-26,284803
2011-03-27,288324
2011-03-28,287499
2011-03-29,282879
2011-03-30,277936
2011-03-31,273450
2011-04-01,270167
2011-04-02,267302
2011-04-03,264375
2011-04-04,261359
2011-04-05,258230
2011-04-06,254990
2011-04-07,251779
2011-04-08,249501
2011-04-09,248435
2011-04-10,247371
2011-04-11,246867
2011-04-12,246761
2011-04-13,246681
2011-04-14,246549
2011-04-15,246469
2011-04-16,246522
2011-04-17,246469
2011-04-18,246469
2011-04-19,246416
2011-04-20,246390
2011-04-21,246363
2011-04-22,246257
2011-04-23,246204
2011-04-24,246072
2011-04-25,246046
2011-04-26,245913
2011-04-27,245781
2011-04-28,245622
2011-04-29,245438
2011-04-30,245306
2011-05-01,245121
2011-05-02,244962
2011-05-03,244831
2011-05-04,244646
2011-05-05,244462
2011-05-06,244251
2011-05-07,244067
2011-05-08,243856
2011-05-09,243593
2011-05-10,243436
2011-05-11,243252
2011-05-12,243042
2011-05-13,242832
2011-05-14,242648
2011-05-15,242491
2011-05-16,242491
2011-05-17,242544
2011-05-18,242386
2011-05-19,242177
2011-05-20,241994
2011-05-21,241784
2011-05-22,241575
2011-05-23,241288
2011-05-24,241027
2011-05-25,240975
2011-05-26,240766
2011-05-27,240610
2011-05-28,240453
2011-05-29,240245
2011-05-30,240011
2011-05-31,239933
2011-06-01,239855
2011-06-02,239777
2011-06-03,239725
2011-06-04,240141
2011-06-05,240401
2011-06-06,240427
2011-06-07,240401
2011-06-08,240323
2011-06-09,240271
2011-06-10,240141
2011-06-11,240011
2011-06-12,239907
2011-06-13,239751
2011-06-14,239621
2011-06-15,239491
2011-06-16,239309
2011-06-17,239101
2011-06-18,238972
2011-06-19,238816
2011-06-20,238634
2011-06-21,238453
2011-06-22,238272
2011-06-23,238091
2011-06-24,237909
2011-06-25,237703
2011-06-26,237522
2011-06-27,237315
2011-06-28,237289
2011-06-29,237109
2011-06-30,236954
2011-07-01,236773
2011-07-02,236567
2011-07-03,236361
2011-07-04,236129
2011-07-05,235924
2011-07-06,235744
2011-07-07,235538
2011-07-08,235332
2011-07-09,235127
2011-07-10,234922
2011-07-11,234614
2011-07-12,234486
2011-07-13,234256
2011-07-14,234026
2011-07-15,233821
2011-07-16,233642
2011-07-17,233412
2011-07-18,233208
2011-07-19,233029
2011-07-20,232851
2011-07-21,232621
2011-07-22,232367
2011-07-23,232163
2011-07-24,231909
2011-07-25,231731
2011-07-26,231502
2011-07-27,231274
2011-07-28,231046
2011-07-29,230843
2011-07-30,230615
2011-07-31,230412
2011-08-01,230210
2011-08-02,230007
2011-08-03,229780
2011-08-04,229578
2011-08-05,229376
2011-08-06,229149
2011-08-07,228972
2011-08-08,228771
2011-08-09,228569
2011-08-10,228343
2011-08-11,228142
2011-08-12,227941
2011-08-13,227714
2011-08-14,227488
2011-08-15,227288
2011-08-16,227062
2011-08-17,226862
2011-08-18,226661
2011-08-19,226436
2011-08-20,226236
2011-08-21,226011
2011-08-22,225836
2011-08-23,225637
2011-08-24,225412
2011-08-25,225212
2011-08-26,225013
2011-08-27,224814
2011-08-28,224615
2011-08-29,224391
2011-08-30,224192
2011-08-31,223993
2011-09-01,223795
2011-09-02,223547
2011-09-03,223348
2011-09-04,223125
2011-09-05,222927
2011-09-06,222729
2011-09-07,222507
2011-09-08,222284
2011-09-09,222111
2011-09-10,221840
2011-09-11,221618
2011-09-12,221396
2011-09-13,221125
2011-09-14,220928
2011-09-15,220731
2011-09-16,220461
2011-09-17,220240
2011-09-18,220019
2011-09-19,219872
2011-09-20,219651
2011-09-21,219455
2011-09-22,219283
2011-09-23,219063
2011-09-24,218819
2011-09-25,218623
2011-09-26,218428
2011-09-27,218232
2011-09-28,217964
2011-09-29,217720
2011-09-30,217525
2011-10-01,217306
2011-10-02,217112
2011-10-03,217063
2011-10-04,217063
2011-10-05,216990
2011-10-06,216869
2011-10-07,216674
2011-10-08,216504
2011-10-09,216310
2011-10-10,216140
2011-10-11,215995
2011-10-12,215922
2011-10-13,215753
2011-10-14,215583
2011-10-15,215366
2011-10-16,215148
2011-10-17,214955
2011-10-18,214641
2011-10-19,214472
2011-10-20,214303
2011-10-21,214062
2011-10-22,213869
2011-10-23,213701
2011-10-24,213460
2011-10-25,213292
2011-10-26,213076
2011-10-27,212908
2011-10-28,212740
2011-10-29,212524
2011-10-30,212332
2011-10-31,212141
2011-11-01,211830
2011-11-02,211590
2011-11-03,211399
2011-11-04,211137
2011-11-05,210994
2011-11-06,210755
2011-11-07,210517
2011-11-08,210255
2011-11-09,210041
2011-11-10,209850
2011-11-11,209660
2011-11-12,209447
2011-11-13,209209
2011-11-14,208996
2011-11-15,208735
2011-11-16,208522
2011-11-17,208286
2011-11-18,208120
2011-11-19,208073
2011-11-20,207955
2011-11-21,207719
2011-11-22,207506
2011-11-23,207601
2011-11-24,207837
2011-11-25,207719
2011-11-26,207553
2011-11-27,207365
2011-11-28,207176
2011-11-29,206988
2011-11-30,206752
2011-12-01,206540
2011-12-02,206352
2011-12-03,206117
2011-12-04,205906
2011-12-05,205672
2011-12-06,205437
2011-12-07,205226
2011-12-08,204992
2011-12-09,204782
2011-12-10,204571
2011-12-11,204361
2011-12-12,204151
2011-12-13,203894
2011-12-14,203615
2011-12-15,203452
2011-12-16,203126
2011-12-17,202824
2011-12-18,202499
2011-12-19,202197
2011-12-20,201827
2011-12-21,201480
2011-12-22,201110
2011-12-23,200810
2011-12-24,200579
2011-12-25,200348
2011-12-26,200141
2011-12-27,199911
2011-12-28,199681
2011-12-29,199474
2011-12-30,199290
2011-12-31,199038
2012-01-01,198832
2012-01-02,198580
2012-01-03,198373
2012-01-04,198168
2012-01-05,197962
2012-01-06,197779
2012-01-07,197619
2012-01-08,197414
2012-01-09,197254
2012-01-10,197095
2012-01-11,196912
2012-01-12,196730
2012-01-13,196525
2012-01-14,196343
2012-01-15,196162
2012-01-16,195957
2012-01-17,195776
2012-01-18,195594
2012-01-19,195708
2012-01-20,197825
2012-01-21,199428
2012-01-22,201503
2012-01-23,205531
2012-01-24,206024
2012-01-25,206235
2012-01-26,206305
2012-01-27,206282
2012-01-28,206188
2012-01-29,206071
2012-01-30,205977
2012-01-31,205836
2012-02-01,205695
2012-02-02,205578
2012-02-03,205414
2012-02-04,205273
2012-02-05,205109
2012-02-06,204945
2012-02-07,205109
2012-02-08,205086
2012-02-09,204992
2012-02-10,204922
2012-02-11,204852
2012-02-12,204805
2012-02-13,204875
2012-02-14,204875
2012-02-15,204805
2012-02-16,204712
2012-02-17,204595
2012-02-18,204478
2012-02-19,204314
2012-02-20,204198
2012-02-21,204081
2012-02-22,203941
2012-02-23,203801
2012-02-24,203568
2012-02-25,203429
2012-02-26,203289
2012-02-27,203080
2012-02-28,203033
2012-02-29,203429
2012-03-01,203568
2012-03-02,203638
2012-03-03,203638
2012-03-04,203638
2012-03-05,203592
2012-03-06,203498
2012-03-07,203405
2012-03-08,203312
2012-03-09,203219
2012-03-10,203173
2012-03-11,203103
2012-03-12,203033
2012-03-13,205461
2012-03-14,207412
2012-03-15,208191
2012-03-16,210541
2012-03-17,212380
2012-03-18,213148
2012-03-19,213701
2012-03-20,213990
2012-03-21,214182
2012-03-22,214303
2012-03-23,214375
2012-03-24,214689
2012-03-25,214979
2012-03-26,215124
2012-03-27,225013
2012-03-28,229932
2012-03-29,231807
2012-03-30,233106
2012-03-31,235409
2012-04-01,237109
2012-04-02,238272
2012-04-03,239101
2012-04-04,239699
2012-04-05,240115
2012-04-06,240453
2012-04-07,240714
2012-04-08,240897
2012-04-09,241105
2012-04-10,241392
2012-04-11,241654
2012-04-12,242701
2012-04-13,244435
2012-04-14,245121
2012-04-15,245596
2012-04-16,245993
2012-04-17,246284
2012-04-18,246522
2012-04-19,246787
2012-04-20,246946
2012-04-21,247052
2012-04-22,247132
2012-04-23,247212
2012-04-24,247318
2012-04-25,247424
2012-04-26,247398
2012-04-27,247398
2012-04-28,247451
2012-04-29,247424
2012-04-30,247398
2012-05-01,247371
2012-05-02,247238
2012-05-03,247291
2012-05-04,247238
2012-05-05,247185
2012-05-06,247132
2012-05-07,247052
2012-05-08,246973
2012-05-09,246893
2012-05-10,246761
2012-05-11,246628
2012-05-12,246496
2012-05-13,246416
2012-05-14,246284
2012-05-15,246178
2012-05-16,246072
2012-05-17,245966
2012-05-18,245834
2012-05-19,245675
2012-05-20,245517
2012-05-21,245385
2012-05-22,245253
2012-05-23,245068
2012-05-24,244910
2012-05-25,244725
2012-05-26,244541
2012-05-27,244409
2012-05-28,244277
2012-05-29,244119
2012-05-30,243961
2012-05-31,243856
2012-06-01,243646
2012-06-02,243462
2012-06-03,243278
2012-06-04,242963
2012-06-05,242780
2012-06-06,242622
2012-06-07,242413
2012-06-08,242203
2012-06-09,242020
2012-06-10,241837
2012-06-11,241654
2012-06-12,241471
2012-06-13,241262
2012-06-14,241079
2012-06-15,240818
2012-06-16,240610
2012-06-17,240375
2012-06-18,240167
2012-06-19,239985
2012-06-20,239725
2012-06-21,239491
2012-06-22,239335
2012-06-23,239101
2012-06-24,238894
2012-06-25,238686
2012-06-26,238479
2012-06-27,238272
2012-06-28,238065
2012-06-29,237832
2012-06-30,237651
2012-07-01,237444
2012-07-02,237263
2012-07-03,237031
2012-07-04,236799
2012-07-05,236516
2012-07-06,236310
2012-07-07,236078
2012-07-08,235821
2012-07-09,235641
2012-07-10,235409
2012-07-11,235204
2012-07-12,234922
2012-07-13,234666
2012-07-14,234435
2012-07-15,234205
2012-07-16,233949
2012-07-17,233693
2012-07-18,233463
2012-07-19,233259
2012-07-20,233029
2012-07-21,232774
2012-07-22,232520
2012-07-23,232265
2012-07-24,232036
2012-07-25,231782
2012-07-26,231528
2012-07-27,231299
2012-07-28,231071
2012-07-29,230817
2012-07-30,230589
2012-07-31,230311
2012-08-01,230083
2012-08-02,229856
2012-08-03,229603
2012-08-04,229351
2012-08-05,229124
2012-08-06,228897
2012-08-07,228670
2012-08-08,228443
2012-08-09,228217
2012-08-10,227915
2012-08-11,227664
2012-08-12,227438
2012-08-13,227187
2012-08-14,226937
2012-08-15,226686
2012-08-16,226436
2012-08-17,226236
2012-08-18,225986
2012-08-19,225736
2012-08-20,225487
2012-08-21,225237
2012-08-22,224988
2012-08-23,224764
2012-08-24,224515
2012-08-25,224267
2012-08-26,224018
2012-08-27,223795
2012-08-28,223571
2012-08-29,223348
2012-08-30,223051
2012-08-31,222803
2012-09-01,222581
2012-09-02,222358
2012-09-03,222111
2012-09-04,221840
2012-09-05,221618
2012-09-06,221371
2012-09-07,221125
2012-09-08,220928
2012-09-09,220682
2012-09-10,220436
2012-09-11,220191
2012-09-12,219945
2012-09-13,219700
2012-09-14,219479
2012-09-15,219259
2012-09-16,219014
2012-09-17,218819
2012-09-18,218574
2012-09-19,218354
2012-09-20,218086
2012-09-21,217867
2012-09-22,217623
2012-09-23,217379
2012-09-24,217185
2012-09-25,217063
2012-09-26,216747
2012-09-27,216553
2012-09-28,216310
2012-09-29,216092
2012-09-30,215874
2012-10-01,215680
2012-10-02,215462
2012-10-03,215148
2012-10-04,214930
2012-10-05,214713
2012-10-06,214496
2012-10-07,214279
2012-10-08,214038
2012-10-09,213821
2012-10-10,213581
2012-10-11,213364
2012-10-12,213124
2012-10-13,212932
2012-10-14,212740
2012-10-15,212524
2012-10-16,212308
2012-10-17,212021
2012-10-18,211710
2012-10-19,211471
2012-10-20,211184
2012-10-21,210827
2012-10-22,210731
2012-10-23,210469
2012-10-24,210183
2012-10-25,209922
2012-10-26,209660
2012-10-27,209375
2012-10-28,209091
2012-10-29,208854
2012-10-30,208546
2012-10-31,208309
2012-11-01,208073
2012-11-02,207766
2012-11-03,207506
2012-11-04,207200
2012-11-05,206941
2012-11-06,206658
2012-11-07,206376
2012-11-08,206071
2012-11-09,205789
2012-11-10,205484
2012-11-11,205180
2012-11-12,204899
2012-11-13,204618
2012-11-14,204361
2012-11-15,204081
2012-11-16,204034
2012-11-17,204174
2012-11-18,203964
2012-11-19,203801
2012-11-20,204969
2012-11-21,205203
2012-11-22,205016
2012-11-23,204829
2012-11-24,204618
2012-11-25,204385
2012-11-26,204104
2012-11-27,203848
2012-11-28,204899
2012-11-29,209304
2012-11-30,217818
2012-12-01,221593
2012-12-02,234640
2012-12-03,236541
2012-12-04,237729
2012-12-05,239959
2012-12-06,240949
2012-12-07,241497
2012-12-08,241837
2012-12-09,242020
2012-12-10,242098
2012-12-11,242151
2012-12-12,242177
2012-12-13,242125
2012-12-14,242020
2012-12-15,241994
2012-12-16,242072
2012-12-17,242465
2012-12-18,242517
2012-12-19,242491
2012-12-20,243199
2012-12-21,254232
2012-12-22,258832
2012-12-23,270816
2012-12-24,274674
2012-12-25,277132
2012-12-26,279433
2012-12-27,280126
2012-12-28,277649
2012-12-29,273734
2012-12-30,269519
2012-12-31,265209
2013-01-01,260808
2013-01-02,256348
2013-01-03,253962
2013-01-04,253719
2013-01-05,254070
2013-01-06,254367
2013-01-07,254530
2013-01-08,254611
2013-01-09,254665
2013-01-10,254476
2013-01-11,254070
2013-01-12,253638
2013-01-13,253179
2013-01-14,252694
2013-01-15,252451
2013-01-16,252317
2013-01-17,252209
2013-01-18,252101
2013-01-19,251940
2013-01-20,251806
2013-01-21,251644
2013-01-22,251483
2013-01-23,251456
2013-01-24,251322
2013-01-25,251215
2013-01-26,251054
2013-01-27,250813
2013-01-28,250625
2013-01-29,250464
2013-01-30,250250
2013-01-31,250063
2013-02-01,249849
2013-02-02,249635
2013-02-03,249448
2013-02-04,249208
2013-02-05,248994
2013-02-06,248754
2013-02-07,248621
2013-02-08,248408
2013-02-09,248142
2013-02-10,247929
2013-02-11,247663
2013-02-12,247398
2013-02-13,247185
2013-02-14,246920
2013-02-15,246681
2013-02-16,246469
2013-02-17,246204
2013-02-18,245940
2013-02-19,245755
2013-02-20,245543
2013-02-21,245226
2013-02-22,244936
2013-02-23,244699
2013-02-24,244409
2013-02-25,244146
2013-02-26,243882
2013-02-27,243593
2013-02-28,243331
2013-03-01,243068
2013-03-02,242832
2013-03-03,242544
2013-03-04,242255
2013-03-05,242334
2013-03-06,242648
2013-03-07,242596
2013-03-08,242386
2013-03-09,242203
2013-03-10,241941
2013-03-11,241732
2013-03-12,241497
2013-03-13,241262
2013-03-14,241053
2013-03-15,240766
2013-03-16,240505
2013-03-17,240219
2013-03-18,239959
2013-03-19,239933
2013-03-20,239647
2013-03-21,239439
2013-03-22,239205
2013-03-23,238920
2013-03-24,238686
2013-03-25,238427
2013-03-26,238142
2013-03-27,237884
2013-03-28,237625
2013-03-29,237418
2013-03-30,237109
2013-03-31,236954
2013-04-01,236722
2013-04-02,236464
2013-04-03,236207
2013-04-04,236335
2013-04-05,236207
2013-04-06,236001
2013-04-07,235846
2013-04-08,235641
2013-04-09,235384
2013-04-10,235127
2013-04-11,234896
2013-04-12,234691
2013-04-13,234512
2013-04-14,234307
2013-04-15,234102
2013-04-16,233872
2013-04-17,233693
2013-04-18,233514
2013-04-19,233336
2013-04-20,233157
2013-04-21,232953
2013-04-22,232749
2013-04-23,232494
2013-04-24,232316
2013-04-25,232087
2013-04-26,231883
2013-04-27,231706
2013-04-28,231553
2013-04-29,231299
2013-04-30,231046
2013-05-01,230792
2013-05-02,230564
2013-05-03,230362
2013-05-04,230109
2013-05-05,229881
2013-05-06,229654
2013-05-07,229426
2013-05-08,229174
2013-05-09,228972
2013-05-10,228746
2013-05-11,228544
2013-05-12,228318
2013-05-13,228091
2013-05-14,227840
2013-05-15,227564
2013-05-16,227288
2013-05-17,227037
2013-05-18,226762
2013-05-19,226536
2013-05-20,226286
2013-05-21,226036
2013-05-22,225736
2013-05-23,225462
2013-05-24,225212
2013-05-25,224938
2013-05-26,224689
2013-05-27,224466
2013-05-28,224267
2013-05-29,224018
2013-05-30,223770
2013-05-31,223522
2013-06-01,223299
2013-06-02,223026
2013-06-03,222803
2013-06-04,222581
2013-06-05,222358
2013-06-06,222136
2013-06-07,221963
2013-06-08,221692
2013-06-09,221445
2013-06-10,221223
2013-06-11,221026
2013-06-12,220756
2013-06-13,220485
2013-06-14,220240
2013-06-15,219994
2013-06-16,219749
2013-06-17,219504
2013-06-18,219161
2013-06-19,218843
2013-06-20,218477
2013-06-21,218135
2013-06-22,217793
2013-06-23,217428
2013-06-24,217185
2013-06-25,217063
2013-06-26,216844
2013-06-27,216626
2013-06-28,216383
2013-06-29,216140
2013-06-30,215874
2013-07-01,215583
2013-07-02,215269
2013-07-03,214979
2013-07-04,214737
2013-07-05,214400
2013-07-06,214110
2013-07-07,213797
2013-07-08,213484
2013-07-09,213220
2013-07-10,212932
2013-07-11,212644
2013-07-12,212404
2013-07-13,212141
2013-07-14,211901
2013-07-15,211662
2013-07-16,211399
2013-07-17,211161
2013-07-18,210922
2013-07-19,210707
2013-07-20,210445
2013-07-21,210207
2013-07-22,209969
2013-07-23,209732
2013-07-24,209470
2013-07-25,209162
2013-07-26,208877
2013-07-27,208593
2013-07-28,208309
2013-07-29,208026
2013-07-30,207719
2013-07-31,207483
2013-08-01,207153
2013-08-02,206846
2013-08-03,206540
2013-08-04,206258
2013-08-05,205977
2013-08-06,205695
2013-08-07,205414
2013-08-08,205133
2013-08-09,204852
2013-08-10,204571
2013-08-11,204291
2013-08-12,204034
2013-08-13,203755
2013-08-14,203475
2013-08-15,203173
2013-08-16,202847
2013-08-17,202569
2013-08-18,202290
2013-08-19,202035
2013-08-20,201780
2013-08-21,201503
2013-08-22,201225
2013-08-23,200948
2013-08-24,200671
2013-08-25,200371
2013-08-26,200095
2013-08-27,199819
2013-08-28,199520
2013-08-29,199267
2013-08-30,198992
2013-08-31,198671
2013-09-01,198396
2013-09-02,198122
2013-09-03,197847
2013-09-04,197551
2013-09-05,197254
2013-09-06,197003
2013-09-07,196707
2013-09-08,196434
2013-09-09,196275
2013-09-10,195980
2013-09-11,195730
2013-09-12,195368
2013-09-13,195096
2013-09-14,194824
2013-09-15,194553
2013-09-16,194282
2013-09-17,193966
2013-09-18,193696
2013-09-19,193381
2013-09-20,193066
2013-09-21,192886
2013-09-22,192572
2013-09-23,192370
2013-09-24,192146
2013-09-25,191833
2013-09-26,191497
2013-09-27,191207
2013-09-28,190894
2013-09-29,190671
2013-09-30,190471
2013-10-01,190248
2013-10-02,189959
2013-10-03,189692
2013-10-04,189470
2013-10-05,189226
2013-10-06,189005
2013-10-07,188783
2013-10-08,188562
2013-10-09,188296
2013-10-10,188054
2013-10-11,187833
2013-10-12,187590
2013-10-13,187348
2013-10-14,187128
2013-10-15,186886
2013-10-16,186644
2013-10-17,186424
2013-10-18,186205
2013-10-19,185964
2013-10-20,185744
2013-10-21,185526
2013-10-22,185307
2013-10-23,185088
2013-10-24,184848
2013-10-25,184652
2013-10-26,184434
2013-10-27,184281
2013-10-28,183976
2013-10-29,183737
2013-10-30,183476
2013-10-31,183216
2013-11-01,182934
2013-11-02,182652
2013-11-03,182306
2013-11-04,182003
2013-11-05,181680
2013-11-06,181399
2013-11-07,181141
2013-11-08,180861
2013-11-09,180560
2013-11-10,180281
2013-11-11,179980
2013-11-12,179702
2013-11-13,179424
2013-11-14,179146
2013-11-15,178846
2013-11-16,178569
2013-11-17,178271
2013-11-18,177994
2013-11-19,177845
2013-11-20,177632
2013-11-21,177292
2013-11-22,177017
2013-11-23,176720
2013-11-24,176445
2013-11-25,176149
2013-11-26,175874
2013-11-27,175621
2013-11-28,175326
2013-11-29,175031
2013-11-30,174779
2013-12-01,174485
2013-12-02,174212
2013-12-03,173939
2013-12-04,173646
2013-12-05,173353
2013-12-06,173123
2013-12-07,172852
2013-12-08,172581
2013-12-09,172247
2013-12-10,171998
2013-12-11,171707
2013-12-12,171458
2013-12-13,171209
2013-12-14,170919
2013-12-15,170691
2013-12-16,170463
2013-12-17,170236
2013-12-18,170091
2013-12-19,169782
2013-12-20,169576
2013-12-21,169349
2013-12-22,169082
2013-12-23,168877
2013-12-24,168651
2013-12-25,168445
2013-12-26,168240
2013-12-27,168036
2013-12-28,167810
2013-12-29,167586
2013-12-30,167361
2013-12-31,167157
2014-01-01,166932
2014-01-02,166729
2014-01-03,166505
2014-01-04,166322
2014-01-05,166078
2014-01-06,165854
2014-01-07,165631
2014-01-08,165449
2014-01-09,165246
2014-01-10,165044
2014-01-11,164862
2014-01-12,164680
2014-01-13,164478
2014-01-14,164276
2014-01-15,164075
2014-01-16,163833
2014-01-17,163612
2014-01-18,163391
2014-01-19,163150
2014-01-20,162909
2014-01-21,162688
2014-01-22,162468
2014-01-23,162228
2014-01-24,161968
2014-01-25,161749
2014-01-26,161529
2014-01-27,161250
2014-01-28,161011
2014-01-29,160793
2014-01-30,160554
2014-01-31,160276
2014-02-01,160019
2014-02-02,159900
2014-02-03,159662
2014-02-04,159405
2014-02-05,159247
2014-02-06,159148
2014-02-07,159267
2014-02-08,162869
2014-02-09,165550
2014-02-10,166179
2014-02-11,166281
2014-02-12,166261
2014-02-13,166220
2014-02-14,166098
2014-02-15,166037
2014-02-16,165956
2014-02-17,165814
2014-02-18,165692
2014-02-19,165550
2014-02-20,165408
2014-02-21,165267
2014-02-22,165105
2014-02-23,164963
2014-02-24,164801
2014-02-25,164599
2014-02-26,165510
2014-02-27,166810
2014-02-28,168897
2014-03-01,169803
2014-03-02,170174
2014-03-03,173019
2014-03-04,175305
2014-03-05,176487
2014-03-06,177675
2014-03-07,178249
2014-03-08,178569
2014-03-09,178804
2014-03-10,178953
2014-03-11,178996
2014-03-12,179017
2014-03-13,178996
2014-03-14,178953
2014-03-15,178910
2014-03-16,178846
2014-03-17,178761
2014-03-18,178654
2014-03-19,178548
2014-03-20,178441
2014-03-21,178335
2014-03-22,178185
2014-03-23,178079
2014-03-24,177951
2014-03-25,177909
2014-03-26,177994
2014-03-27,177994
2014-03-28,178100
2014-03-29,180452
2014-03-30,181033
2014-03-31,182566
2014-04-01,184216
2014-04-02,185372
2014-04-03,186029
2014-04-04,186622
2014-04-05,186930
2014-04-06,187150
2014-04-07,187282
2014-04-08,187348
2014-04-09,187370
2014-04-10,187392
2014-04-11,187370
2014-04-12,187326
2014-04-13,187260
2014-04-14,187194
2014-04-15,187172
2014-04-16,187128
2014-04-17,187018
2014-04-18,186908
2014-04-19,186820
2014-04-20,186710
2014-04-21,186622
2014-04-22,186468
2014-04-23,186293
2014-04-24,186183
2014-04-25,186139
2014-04-26,185986
2014-04-27,185898
2014-04-28,185788
2014-04-29,185657
2014-04-30,185569
2014-05-01,185394
2014-05-02,185263
2014-05-03,185110
2014-05-04,184979
2014-05-05,184826
2014-05-06,184695
2014-05-07,184499
2014-05-08,184347
2014-05-09,184238
2014-05-10,184042
2014-05-11,183889
2014-05-12,183737
2014-05-13,183563
2014-05-14,183433
2014-05-15,183259
2014-05-16,183086
2014-05-17,182912
2014-05-18,182717
2014-05-19,182544
2014-05-20,182393
2014-05-21,182220
2014-05-22,182025
2014-05-23,181852
2014-05-24,181680
2014-05-25,181442
2014-05-26,181205
2014-05-27,180969
2014-05-28,180689
2014-05-29,180452
2014-05-30,180173
2014-05-31,179938
2014-06-01,179702
2014-06-02,179445
2014-06-03,179210
2014-06-04,178975
2014-06-05,178970
2014-06-06,178720
2014-06-07,178480
2014-06-08,178230
2014-06-09,177990
2014-06-10,177700
2014-06-11,177420
2014-06-12,177140
2014-06-13,176870
2014-06-14,176610
2014-06-15,176340
2014-06-16,176060
2014-06-17,175790
2014-06-18,175520
2014-06-19,174990
2014-06-20,174720
2014-06-21,174420
2014-06-22,174130
2014-06-23,173900
2014-06-24,173580
2014-06-25,173290
2014-06-26,173000
2014-06-27,172710
2014-06-28,172390
2014-06-29,172100
2014-06-30,171770
2014-07-01,171460
2014-07-02,171170
2014-07-03,170860
2014-07-04,170520
2014-07-05,170190
2014-07-06,169860
2014-07-07,169550
2014-07-08,169200
2014-07-09,168880
2014-07-10,168550
2014-07-11,168220
2014-07-12,167910
2014-07-13,167650
2014-07-14,167340
2014-07-15,167070
2014-07-16,166830
2014-07-17,166570
2014-07-18,166320
2014-07-19,166060
2014-07-20,165810
2014-07-21,165550
2014-07-22,165310
2014-07-23,165060
2014-07-24,164840
2014-07-25,164620
2014-07-26,164360
2014-07-27,164110
2014-07-28,163870
2014-07-29,163650
2014-07-30,163430
2014-07-31,163150
2014-08-01,162870
2014-08-02,162590
2014-08-03,162290
2014-08-04,162010
2014-08-05,161750
2014-08-06,161470
2014-08-07,161190
2014-08-08,160930
2014-08-09,160610
2014-08-10,160340
2014-08-11,160060
2014-08-12,159780
2014-08-13,159520
2014-08-14,159230
2014-08-15,158950
2014-08-16,158690
2014-08-17,158440
2014-08-18,158200
2014-08-19,157950
2014-08-20,157670
2014-08-21,157420
2014-08-22,157160
2014-08-23,156910
2014-08-24,156650
2014-08-25,156380
2014-08-26,156130
2014-08-27,155870
2014-08-28,155620
2014-08-29,155390
2014-08-30,155140
2014-08-31,154880
2014-09-01,154610
2014-09-02,154340
2014-09-03,154090
2014-09-04,153820
2014-09-05,153570
2014-09-06,153320
2014-09-07,153050
2014-09-08,152780
2014-09-09,152490
2014-09-10,152220
2014-09-11,151920
2014-09-12,151650
2014-09-13,151340
2014-09-14,151060
2014-09-15,150770
2014-09-16,150490
2014-09-17,150220
2014-09-18,149990
2014-09-19,149750
2014-09-20,149500
2014-09-21,149250
2014-09-22,149050
2014-09-23,148800
2014-09-24,148610
2014-09-25,148420
2014-09-26,148200
2014-09-27,148010
2014-09-28,147770
2014-09-29,147560
2014-09-30,147390
2014-10-01,147170
2014-10-02,146920
2014-10-03,146700
2014-10-04,146470
2014-10-05,146250
2014-10-06,146030
2014-10-07,145800
2014-10-08,145600
2014-10-09,145320
2014-10-10,145080
2014-10-11,144840
2014-10-12,144579
2014-10-13,144301
2014-10-14,144080
2014-10-15,143877
2014-10-16,143655
2014-10-17,143434
2014-10-18,143250
2014-10-19,143030
2014-10-20,142846
2014-10-21,142626
2014-10-22,142424
2014-10-23,142278
2014-10-24,142113
2014-10-25,142058
2014-10-26,141875
2014-10-27,141711
2014-10-28,141547
2014-10-29,141383
2014-10-30,141237
2014-10-31,141146
2014-11-01,140945
2014-11-02,140782
2014-11-03,140582
2014-11-04,140419
2014-11-05,140237
2014-11-06,140056
2014-11-07,139875
2014-11-08,139694
2014-11-09,139531
2014-11-10,139333
2014-11-11,139152
2014-11-12,138954
2014-11-13,138882
2014-11-14,138684
2014-11-15,138486
2014-11-16,138288
2014-11-17,138127
2014-11-18,137911
2014-11-19,137822
2014-11-20,137750
2014-11-21,137589
2014-11-22,137571
2014-11-23,137410
2014-11-24,137231
2014-11-25,137053
2014-11-26,136874
2014-11-27,136732
2014-11-28,136660
2014-11-29,136589
2014-11-30,136553
2014-12-01,136536
2014-12-02,136785
2014-12-03,140745
2014-12-04,141565
2014-12-05,142993
2014-12-06,144153
2014-12-07,144449
2014-12-08,144727
2014-12-09,144968
2014-12-10,146195
2014-12-11,166118
2014-12-12,169865
2014-12-13,171188
2014-12-14,171915
2014-12-15,173416
2014-12-16,176107
2014-12-17,179017
2014-12-18,180882
2014-12-19,184368
2014-12-20,186402
2014-12-21,187899
2014-12-22,188894
2014-12-23,189603
2014-12-24,190137
2014-12-25,190493
2014-12-26,190760
2014-12-27,190939
2014-12-28,191095
2014-12-29,191207
2014-12-30,191251
2014-12-31,191296
2015-01-01,191296
2015-01-02,191274
2015-01-03,191251
2015-01-04,191229
2015-01-05,191207
2015-01-06,191162
2015-01-07,191117
2015-01-08,191073
2015-01-09,191006
2015-01-10,190961
2015-01-11,190894
2015-01-12,190827
2015-01-13,190716
2015-01-14,190627
2015-01-15,190493
2015-01-16,190515
2015-01-17,190404
2015-01-18,190337
2015-01-19,190226
2015-01-20,190115
2015-01-21,189937
2015-01-22,189826
2015-01-23,189781
2015-01-24,189670
2015-01-25,189603
2015-01-26,189515
2015-01-27,189426
2015-01-28,189359
2015-01-29,189293
2015-01-30,189204
2015-01-31,189093
2015-02-01,188960
2015-02-02,188894
2015-02-03,188805
2015-02-04,188695
2015-02-05,188628
2015-02-06,197893
2015-02-07,203196
2015-02-08,207601
2015-02-09,211638
2015-02-10,213629
2015-02-11,214834
2015-02-12,215680
2015-02-13,216310
2015-02-14,216747
2015-02-15,217112
2015-02-16,217379
2015-02-17,217599
2015-02-18,217793
2015-02-19,217964
2015-02-20,218110
2015-02-21,218208
2015-02-22,218257
2015-02-23,218306
2015-02-24,218306
2015-02-25,218330
2015-02-26,218354
2015-02-27,218379
2015-02-28,218354
2015-03-01,218330
2015-03-02,218306
2015-03-03,218281
2015-03-04,218208
2015-03-05,218184
2015-03-06,218135
2015-03-07,218086
2015-03-08,218013
2015-03-09,217988
2015-03-10,217940
2015-03-11,217818
2015-03-12,217769
2015-03-13,217696
2015-03-14,217647
2015-03-15,217550
2015-03-16,217501
2015-03-17,217428
2015-03-18,217355
2015-03-19,217233
2015-03-20,217136
2015-03-21,217015
2015-03-22,217015
2015-03-23,216942
2015-03-24,216844
2015-03-25,216771
2015-03-26,216674
2015-03-27,216553
2015-03-28,NA
2015-03-29,NA
2015-03-30,NA
2015-03-31,216019
2015-04-01,NA
2015-04-02,NA
